
firmware.elf:     file format elf32-littleriscv


Disassembly of section .text:

00000000 <_start>:
       0:	0000a137          	lui	sp,0xa
       4:	ffc10113          	addi	sp,sp,-4 # 9ffc <__bss_end+0x1ffc>
       8:	0540006f          	j	5c <main>

0000000c <sig_write>:
       c:	800007b7          	lui	a5,0x80000
      10:	08078793          	addi	a5,a5,128 # 80000080 <__bss_end+0x7fff8080>
      14:	00000713          	li	a4,0
      18:	00f585b3          	add	a1,a1,a5
      1c:	00154783          	lbu	a5,1(a0)
      20:	00254683          	lbu	a3,2(a0)
      24:	00450513          	addi	a0,a0,4
      28:	00879793          	slli	a5,a5,0x8
      2c:	01069693          	slli	a3,a3,0x10
      30:	00d7e7b3          	or	a5,a5,a3
      34:	ffc54683          	lbu	a3,-4(a0)
      38:	00d7e7b3          	or	a5,a5,a3
      3c:	fff54683          	lbu	a3,-1(a0)
      40:	01869693          	slli	a3,a3,0x18
      44:	00d7e7b3          	or	a5,a5,a3
      48:	00e586b3          	add	a3,a1,a4
      4c:	00f6a023          	sw	a5,0(a3)
      50:	00470713          	addi	a4,a4,4
      54:	fcc744e3          	blt	a4,a2,1c <sig_write+0x10>
      58:	00008067          	ret

0000005c <main>:
      5c:	e5010113          	addi	sp,sp,-432
      60:	0000c7b7          	lui	a5,0xc
      64:	1a112623          	sw	ra,428(sp)
      68:	1a812423          	sw	s0,424(sp)
      6c:	1a912223          	sw	s1,420(sp)
      70:	1b212023          	sw	s2,416(sp)
      74:	19312e23          	sw	s3,412(sp)
      78:	19412c23          	sw	s4,408(sp)
      7c:	19512a23          	sw	s5,404(sp)
      80:	19612823          	sw	s6,400(sp)
      84:	19712623          	sw	s7,396(sp)
      88:	19812423          	sw	s8,392(sp)
      8c:	19912223          	sw	s9,388(sp)
      90:	19a12023          	sw	s10,384(sp)
      94:	17b12e23          	sw	s11,380(sp)
      98:	00012e23          	sw	zero,28(sp)
      9c:	34f78793          	addi	a5,a5,847 # c34f <__bss_end+0x434f>
      a0:	01c12703          	lw	a4,28(sp)
      a4:	20e7d663          	bge	a5,a4,2b0 <main+0x254>
      a8:	80000737          	lui	a4,0x80000
      ac:	00072783          	lw	a5,0(a4) # 80000000 <__bss_end+0x7fff8000>
      b0:	0017f793          	andi	a5,a5,1
      b4:	fe078ce3          	beqz	a5,ac <main+0x50>
      b8:	80000737          	lui	a4,0x80000
      bc:	80000637          	lui	a2,0x80000
      c0:	02010793          	addi	a5,sp,32
      c4:	00870713          	addi	a4,a4,8 # 80000008 <__bss_end+0x7fff8008>
      c8:	01860613          	addi	a2,a2,24 # 80000018 <__bss_end+0x7fff8018>
      cc:	00072683          	lw	a3,0(a4)
      d0:	00470713          	addi	a4,a4,4
      d4:	00478793          	addi	a5,a5,4
      d8:	0086d593          	srli	a1,a3,0x8
      dc:	fed78e23          	sb	a3,-4(a5)
      e0:	feb78ea3          	sb	a1,-3(a5)
      e4:	0106d593          	srli	a1,a3,0x10
      e8:	0186d693          	srli	a3,a3,0x18
      ec:	feb78f23          	sb	a1,-2(a5)
      f0:	fed78fa3          	sb	a3,-1(a5)
      f4:	fcc71ce3          	bne	a4,a2,cc <main+0x70>
      f8:	13010913          	addi	s2,sp,304
      fc:	01000613          	li	a2,16
     100:	02010593          	addi	a1,sp,32
     104:	00090513          	mv	a0,s2
     108:	00004097          	auipc	ra,0x4
     10c:	0e8080e7          	jalr	232(ra) # 41f0 <crypto_sha512>
     110:	00000413          	li	s0,0
     114:	03010613          	addi	a2,sp,48
     118:	02000793          	li	a5,32
     11c:	008906b3          	add	a3,s2,s0
     120:	0006c683          	lbu	a3,0(a3)
     124:	00860733          	add	a4,a2,s0
     128:	00140413          	addi	s0,s0,1
     12c:	00d70023          	sb	a3,0(a4)
     130:	fef416e3          	bne	s0,a5,11c <main+0xc0>
     134:	04000593          	li	a1,64
     138:	00090513          	mv	a0,s2
     13c:	00002097          	auipc	ra,0x2
     140:	5e4080e7          	jalr	1508(ra) # 2720 <crypto_wipe>
     144:	01000593          	li	a1,16
     148:	02010513          	addi	a0,sp,32
     14c:	00002097          	auipc	ra,0x2
     150:	5d4080e7          	jalr	1492(ra) # 2720 <crypto_wipe>
     154:	03010613          	addi	a2,sp,48
     158:	05010593          	addi	a1,sp,80
     15c:	07010513          	addi	a0,sp,112
     160:	00004097          	auipc	ra,0x4
     164:	228080e7          	jalr	552(ra) # 4388 <crypto_ed25519_key_pair>
     168:	80000b37          	lui	s6,0x80000
     16c:	00040613          	mv	a2,s0
     170:	00000593          	li	a1,0
     174:	05010513          	addi	a0,sp,80
     178:	00000097          	auipc	ra,0x0
     17c:	e94080e7          	jalr	-364(ra) # c <sig_write>
     180:	068b0a13          	addi	s4,s6,104 # 80000068 <__bss_end+0x7fff8068>
     184:	060b0a93          	addi	s5,s6,96
     188:	004b0993          	addi	s3,s6,4
     18c:	00200b93          	li	s7,2
     190:	03c00c13          	li	s8,60
     194:	000b2783          	lw	a5,0(s6)
     198:	0027f793          	andi	a5,a5,2
     19c:	fe078ce3          	beqz	a5,194 <main+0x138>
     1a0:	000a2783          	lw	a5,0(s4)
     1a4:	0b010713          	addi	a4,sp,176
     1a8:	800006b7          	lui	a3,0x80000
     1ac:	02068693          	addi	a3,a3,32 # 80000020 <__bss_end+0x7fff8020>
     1b0:	00070c93          	mv	s9,a4
     1b4:	0006a603          	lw	a2,0(a3)
     1b8:	00468693          	addi	a3,a3,4
     1bc:	00470713          	addi	a4,a4,4
     1c0:	00865593          	srli	a1,a2,0x8
     1c4:	fec70e23          	sb	a2,-4(a4)
     1c8:	feb70ea3          	sb	a1,-3(a4)
     1cc:	01065593          	srli	a1,a2,0x10
     1d0:	01865613          	srli	a2,a2,0x18
     1d4:	feb70f23          	sb	a1,-2(a4)
     1d8:	fec70fa3          	sb	a2,-1(a4)
     1dc:	fd569ce3          	bne	a3,s5,1b4 <main+0x158>
     1e0:	01079493          	slli	s1,a5,0x10
     1e4:	0104d493          	srli	s1,s1,0x10
     1e8:	0084d713          	srli	a4,s1,0x8
     1ec:	00879413          	slli	s0,a5,0x8
     1f0:	0179a023          	sw	s7,0(s3)
     1f4:	0187d813          	srli	a6,a5,0x18
     1f8:	0107dd93          	srli	s11,a5,0x10
     1fc:	008707b3          	add	a5,a4,s0
     200:	0ef11923          	sh	a5,242(sp)
     204:	0f010823          	sb	a6,240(sp)
     208:	0fb108a3          	sb	s11,241(sp)
     20c:	0f010713          	addi	a4,sp,240
     210:	00000793          	li	a5,0
     214:	00fc86b3          	add	a3,s9,a5
     218:	0006c683          	lbu	a3,0(a3)
     21c:	00178793          	addi	a5,a5,1
     220:	00170713          	addi	a4,a4,1
     224:	00d701a3          	sb	a3,3(a4)
     228:	ff8796e3          	bne	a5,s8,214 <main+0x1b8>
     22c:	01012623          	sw	a6,12(sp)
     230:	00400d13          	li	s10,4
     234:	04000693          	li	a3,64
     238:	0f010613          	addi	a2,sp,240
     23c:	07010593          	addi	a1,sp,112
     240:	00090513          	mv	a0,s2
     244:	01a9a023          	sw	s10,0(s3)
     248:	00004097          	auipc	ra,0x4
     24c:	22c080e7          	jalr	556(ra) # 4474 <crypto_ed25519_sign>
     250:	00c12803          	lw	a6,12(sp)
     254:	00800793          	li	a5,8
     258:	0084d493          	srli	s1,s1,0x8
     25c:	00f9a023          	sw	a5,0(s3)
     260:	000d0613          	mv	a2,s10
     264:	01810513          	addi	a0,sp,24
     268:	008484b3          	add	s1,s1,s0
     26c:	02000593          	li	a1,32
     270:	01010c23          	sb	a6,24(sp)
     274:	01b10ca3          	sb	s11,25(sp)
     278:	00911d23          	sh	s1,26(sp)
     27c:	00000097          	auipc	ra,0x0
     280:	d90080e7          	jalr	-624(ra) # c <sig_write>
     284:	000c8513          	mv	a0,s9
     288:	04000613          	li	a2,64
     28c:	02400593          	li	a1,36
     290:	00000097          	auipc	ra,0x0
     294:	d7c080e7          	jalr	-644(ra) # c <sig_write>
     298:	04000613          	li	a2,64
     29c:	06400593          	li	a1,100
     2a0:	00090513          	mv	a0,s2
     2a4:	00000097          	auipc	ra,0x0
     2a8:	d68080e7          	jalr	-664(ra) # c <sig_write>
     2ac:	ee9ff06f          	j	194 <main+0x138>
     2b0:	01c12703          	lw	a4,28(sp)
     2b4:	00170713          	addi	a4,a4,1
     2b8:	00e12e23          	sw	a4,28(sp)
     2bc:	de5ff06f          	j	a0 <main+0x44>

000002c0 <load32_le>:
     2c0:	00154703          	lbu	a4,1(a0)
     2c4:	00054783          	lbu	a5,0(a0)
     2c8:	00871713          	slli	a4,a4,0x8
     2cc:	00f76733          	or	a4,a4,a5
     2d0:	00254783          	lbu	a5,2(a0)
     2d4:	00354503          	lbu	a0,3(a0)
     2d8:	01079793          	slli	a5,a5,0x10
     2dc:	00e7e7b3          	or	a5,a5,a4
     2e0:	01851513          	slli	a0,a0,0x18
     2e4:	00f56533          	or	a0,a0,a5
     2e8:	00008067          	ret

000002ec <load64_le>:
     2ec:	ff010113          	addi	sp,sp,-16
     2f0:	00112623          	sw	ra,12(sp)
     2f4:	00812423          	sw	s0,8(sp)
     2f8:	00912223          	sw	s1,4(sp)
     2fc:	00050413          	mv	s0,a0
     300:	00000097          	auipc	ra,0x0
     304:	fc0080e7          	jalr	-64(ra) # 2c0 <load32_le>
     308:	00050493          	mv	s1,a0
     30c:	00440513          	addi	a0,s0,4
     310:	00000097          	auipc	ra,0x0
     314:	fb0080e7          	jalr	-80(ra) # 2c0 <load32_le>
     318:	00c12083          	lw	ra,12(sp)
     31c:	00812403          	lw	s0,8(sp)
     320:	00050593          	mv	a1,a0
     324:	00048513          	mv	a0,s1
     328:	00412483          	lw	s1,4(sp)
     32c:	01010113          	addi	sp,sp,16
     330:	00008067          	ret

00000334 <store32_le>:
     334:	0085d793          	srli	a5,a1,0x8
     338:	00b50023          	sb	a1,0(a0)
     33c:	00f500a3          	sb	a5,1(a0)
     340:	0105d793          	srli	a5,a1,0x10
     344:	0185d593          	srli	a1,a1,0x18
     348:	00f50123          	sb	a5,2(a0)
     34c:	00b501a3          	sb	a1,3(a0)
     350:	00008067          	ret

00000354 <load32_le_buf>:
     354:	fe010113          	addi	sp,sp,-32
     358:	00812c23          	sw	s0,24(sp)
     35c:	00912a23          	sw	s1,20(sp)
     360:	01212823          	sw	s2,16(sp)
     364:	00112e23          	sw	ra,28(sp)
     368:	00050913          	mv	s2,a0
     36c:	00261493          	slli	s1,a2,0x2
     370:	00000413          	li	s0,0
     374:	00858533          	add	a0,a1,s0
     378:	00b12623          	sw	a1,12(sp)
     37c:	00000097          	auipc	ra,0x0
     380:	f44080e7          	jalr	-188(ra) # 2c0 <load32_le>
     384:	008907b3          	add	a5,s2,s0
     388:	00a7a023          	sw	a0,0(a5)
     38c:	00440413          	addi	s0,s0,4
     390:	00c12583          	lw	a1,12(sp)
     394:	fe9410e3          	bne	s0,s1,374 <load32_le_buf+0x20>
     398:	01c12083          	lw	ra,28(sp)
     39c:	01812403          	lw	s0,24(sp)
     3a0:	01412483          	lw	s1,20(sp)
     3a4:	01012903          	lw	s2,16(sp)
     3a8:	02010113          	addi	sp,sp,32
     3ac:	00008067          	ret

000003b0 <store32_le_buf>:
     3b0:	fe010113          	addi	sp,sp,-32
     3b4:	00812c23          	sw	s0,24(sp)
     3b8:	ffc60413          	addi	s0,a2,-4
     3bc:	00803433          	snez	s0,s0
     3c0:	00441413          	slli	s0,s0,0x4
     3c4:	00912a23          	sw	s1,20(sp)
     3c8:	01212823          	sw	s2,16(sp)
     3cc:	01312623          	sw	s3,12(sp)
     3d0:	00112e23          	sw	ra,28(sp)
     3d4:	00050913          	mv	s2,a0
     3d8:	00058993          	mv	s3,a1
     3dc:	01040413          	addi	s0,s0,16
     3e0:	00000493          	li	s1,0
     3e4:	009987b3          	add	a5,s3,s1
     3e8:	0007a583          	lw	a1,0(a5)
     3ec:	00990533          	add	a0,s2,s1
     3f0:	00448493          	addi	s1,s1,4
     3f4:	00000097          	auipc	ra,0x0
     3f8:	f40080e7          	jalr	-192(ra) # 334 <store32_le>
     3fc:	fe8494e3          	bne	s1,s0,3e4 <store32_le_buf+0x34>
     400:	01c12083          	lw	ra,28(sp)
     404:	01812403          	lw	s0,24(sp)
     408:	01412483          	lw	s1,20(sp)
     40c:	01012903          	lw	s2,16(sp)
     410:	00c12983          	lw	s3,12(sp)
     414:	02010113          	addi	sp,sp,32
     418:	00008067          	ret

0000041c <x16>:
     41c:	fe010113          	addi	sp,sp,-32
     420:	00112e23          	sw	ra,28(sp)
     424:	00812c23          	sw	s0,24(sp)
     428:	00912a23          	sw	s1,20(sp)
     42c:	01212823          	sw	s2,16(sp)
     430:	01312623          	sw	s3,12(sp)
     434:	01412423          	sw	s4,8(sp)
     438:	00058913          	mv	s2,a1
     43c:	00050993          	mv	s3,a0
     440:	00000097          	auipc	ra,0x0
     444:	eac080e7          	jalr	-340(ra) # 2ec <load64_le>
     448:	00050493          	mv	s1,a0
     44c:	00090513          	mv	a0,s2
     450:	00058413          	mv	s0,a1
     454:	00000097          	auipc	ra,0x0
     458:	e98080e7          	jalr	-360(ra) # 2ec <load64_le>
     45c:	00a4c4b3          	xor	s1,s1,a0
     460:	00898513          	addi	a0,s3,8
     464:	00b44433          	xor	s0,s0,a1
     468:	00000097          	auipc	ra,0x0
     46c:	e84080e7          	jalr	-380(ra) # 2ec <load64_le>
     470:	00050993          	mv	s3,a0
     474:	00890513          	addi	a0,s2,8
     478:	00058a13          	mv	s4,a1
     47c:	00000097          	auipc	ra,0x0
     480:	e70080e7          	jalr	-400(ra) # 2ec <load64_le>
     484:	00ba45b3          	xor	a1,s4,a1
     488:	01c12083          	lw	ra,28(sp)
     48c:	0085e5b3          	or	a1,a1,s0
     490:	01812403          	lw	s0,24(sp)
     494:	00a9c533          	xor	a0,s3,a0
     498:	01012903          	lw	s2,16(sp)
     49c:	00c12983          	lw	s3,12(sp)
     4a0:	00812a03          	lw	s4,8(sp)
     4a4:	00956533          	or	a0,a0,s1
     4a8:	01412483          	lw	s1,20(sp)
     4ac:	02010113          	addi	sp,sp,32
     4b0:	00008067          	ret

000004b4 <x32>:
     4b4:	fe010113          	addi	sp,sp,-32
     4b8:	00112e23          	sw	ra,28(sp)
     4bc:	00812c23          	sw	s0,24(sp)
     4c0:	00912a23          	sw	s1,20(sp)
     4c4:	01212823          	sw	s2,16(sp)
     4c8:	01312623          	sw	s3,12(sp)
     4cc:	00050413          	mv	s0,a0
     4d0:	00058493          	mv	s1,a1
     4d4:	00000097          	auipc	ra,0x0
     4d8:	f48080e7          	jalr	-184(ra) # 41c <x16>
     4dc:	00050913          	mv	s2,a0
     4e0:	00058993          	mv	s3,a1
     4e4:	01040513          	addi	a0,s0,16
     4e8:	01048593          	addi	a1,s1,16
     4ec:	00000097          	auipc	ra,0x0
     4f0:	f30080e7          	jalr	-208(ra) # 41c <x16>
     4f4:	01c12083          	lw	ra,28(sp)
     4f8:	01812403          	lw	s0,24(sp)
     4fc:	01412483          	lw	s1,20(sp)
     500:	00a96533          	or	a0,s2,a0
     504:	00b9e5b3          	or	a1,s3,a1
     508:	01012903          	lw	s2,16(sp)
     50c:	00c12983          	lw	s3,12(sp)
     510:	02010113          	addi	sp,sp,32
     514:	00008067          	ret

00000518 <fe_0>:
     518:	02850793          	addi	a5,a0,40
     51c:	00052023          	sw	zero,0(a0)
     520:	00450513          	addi	a0,a0,4
     524:	fef51ce3          	bne	a0,a5,51c <fe_0+0x4>
     528:	00008067          	ret

0000052c <fe_1>:
     52c:	00100793          	li	a5,1
     530:	00f52023          	sw	a5,0(a0)
     534:	00450793          	addi	a5,a0,4
     538:	02850513          	addi	a0,a0,40
     53c:	0007a023          	sw	zero,0(a5)
     540:	00478793          	addi	a5,a5,4
     544:	fea79ce3          	bne	a5,a0,53c <fe_1+0x10>
     548:	00008067          	ret

0000054c <fe_neg>:
     54c:	00000793          	li	a5,0
     550:	02800693          	li	a3,40
     554:	00f58733          	add	a4,a1,a5
     558:	00072703          	lw	a4,0(a4)
     55c:	00f50633          	add	a2,a0,a5
     560:	00478793          	addi	a5,a5,4
     564:	40e00733          	neg	a4,a4
     568:	00e62023          	sw	a4,0(a2)
     56c:	fed794e3          	bne	a5,a3,554 <fe_neg+0x8>
     570:	00008067          	ret

00000574 <fe_add>:
     574:	00000793          	li	a5,0
     578:	02800693          	li	a3,40
     57c:	00f58733          	add	a4,a1,a5
     580:	00f608b3          	add	a7,a2,a5
     584:	00072703          	lw	a4,0(a4)
     588:	0008a883          	lw	a7,0(a7)
     58c:	00f50833          	add	a6,a0,a5
     590:	00478793          	addi	a5,a5,4
     594:	01170733          	add	a4,a4,a7
     598:	00e82023          	sw	a4,0(a6)
     59c:	fed790e3          	bne	a5,a3,57c <fe_add+0x8>
     5a0:	00008067          	ret

000005a4 <fe_sub>:
     5a4:	00000793          	li	a5,0
     5a8:	02800693          	li	a3,40
     5ac:	00f58733          	add	a4,a1,a5
     5b0:	00f608b3          	add	a7,a2,a5
     5b4:	00072703          	lw	a4,0(a4)
     5b8:	0008a883          	lw	a7,0(a7)
     5bc:	00f50833          	add	a6,a0,a5
     5c0:	00478793          	addi	a5,a5,4
     5c4:	41170733          	sub	a4,a4,a7
     5c8:	00e82023          	sw	a4,0(a6)
     5cc:	fed790e3          	bne	a5,a3,5ac <fe_sub+0x8>
     5d0:	00008067          	ret

000005d4 <fe_cswap>:
     5d4:	02858813          	addi	a6,a1,40
     5d8:	00167893          	andi	a7,a2,1
     5dc:	00052783          	lw	a5,0(a0)
     5e0:	0005a703          	lw	a4,0(a1)
     5e4:	00078693          	mv	a3,a5
     5e8:	00088463          	beqz	a7,5f0 <fe_cswap+0x1c>
     5ec:	00070693          	mv	a3,a4
     5f0:	00e7c7b3          	xor	a5,a5,a4
     5f4:	02c787b3          	mul	a5,a5,a2
     5f8:	00d52023          	sw	a3,0(a0)
     5fc:	0005a703          	lw	a4,0(a1)
     600:	00458593          	addi	a1,a1,4
     604:	00450513          	addi	a0,a0,4
     608:	00f747b3          	xor	a5,a4,a5
     60c:	fef5ae23          	sw	a5,-4(a1)
     610:	fd0596e3          	bne	a1,a6,5dc <fe_cswap+0x8>
     614:	00008067          	ret

00000618 <fe_ccopy>:
     618:	00000793          	li	a5,0
     61c:	00167613          	andi	a2,a2,1
     620:	02800813          	li	a6,40
     624:	00f50733          	add	a4,a0,a5
     628:	00060e63          	beqz	a2,644 <fe_ccopy+0x2c>
     62c:	00f586b3          	add	a3,a1,a5
     630:	0006a683          	lw	a3,0(a3)
     634:	00d72023          	sw	a3,0(a4)
     638:	00478793          	addi	a5,a5,4
     63c:	ff0794e3          	bne	a5,a6,624 <fe_ccopy+0xc>
     640:	00008067          	ret
     644:	00072683          	lw	a3,0(a4)
     648:	fedff06f          	j	634 <fe_ccopy+0x1c>

0000064c <fe_mul_small>:
     64c:	fd010113          	addi	sp,sp,-48
     650:	01512c23          	sw	s5,24(sp)
     654:	0005aa83          	lw	s5,0(a1)
     658:	01912423          	sw	s9,8(sp)
     65c:	0045a383          	lw	t2,4(a1)
     660:	03560cb3          	mul	s9,a2,s5
     664:	0105ae03          	lw	t3,16(a1)
     668:	0245a783          	lw	a5,36(a1)
     66c:	0145a883          	lw	a7,20(a1)
     670:	0205a283          	lw	t0,32(a1)
     674:	02812623          	sw	s0,44(sp)
     678:	02912423          	sw	s1,40(sp)
     67c:	01c5a403          	lw	s0,28(a1)
     680:	00c5a483          	lw	s1,12(a1)
     684:	03212223          	sw	s2,36(sp)
     688:	03561ab3          	mulh	s5,a2,s5
     68c:	0185a903          	lw	s2,24(a1)
     690:	03312023          	sw	s3,32(sp)
     694:	01712823          	sw	s7,16(sp)
     698:	0085a983          	lw	s3,8(a1)
     69c:	01812623          	sw	s8,12(sp)
     6a0:	020005b7          	lui	a1,0x2000
     6a4:	00bc8733          	add	a4,s9,a1
     6a8:	01612a23          	sw	s6,20(sp)
     6ac:	01412e23          	sw	s4,28(sp)
     6b0:	03c60c33          	mul	s8,a2,t3
     6b4:	01a12223          	sw	s10,4(sp)
     6b8:	02760bb3          	mul	s7,a2,t2
     6bc:	027613b3          	mulh	t2,a2,t2
     6c0:	03c61e33          	mulh	t3,a2,t3
     6c4:	03360833          	mul	a6,a2,s3
     6c8:	02960eb3          	mul	t4,a2,s1
     6cc:	031606b3          	mul	a3,a2,a7
     6d0:	03260fb3          	mul	t6,a2,s2
     6d4:	02860f33          	mul	t5,a2,s0
     6d8:	02560333          	mul	t1,a2,t0
     6dc:	02f60b33          	mul	s6,a2,a5
     6e0:	033619b3          	mulh	s3,a2,s3
     6e4:	029614b3          	mulh	s1,a2,s1
     6e8:	031618b3          	mulh	a7,a2,a7
     6ec:	03261933          	mulh	s2,a2,s2
     6f0:	02861433          	mulh	s0,a2,s0
     6f4:	025612b3          	mulh	t0,a2,t0
     6f8:	02f61633          	mulh	a2,a2,a5
     6fc:	019737b3          	sltu	a5,a4,s9
     700:	015787b3          	add	a5,a5,s5
     704:	00679a13          	slli	s4,a5,0x6
     708:	01a75713          	srli	a4,a4,0x1a
     70c:	00ea0733          	add	a4,s4,a4
     710:	41a7d793          	srai	a5,a5,0x1a
     714:	00675a13          	srli	s4,a4,0x6
     718:	01a79d13          	slli	s10,a5,0x1a
     71c:	01aa0d33          	add	s10,s4,s10
     720:	01a71a13          	slli	s4,a4,0x1a
     724:	414c8a33          	sub	s4,s9,s4
     728:	014cbcb3          	sltu	s9,s9,s4
     72c:	00f383b3          	add	t2,t2,a5
     730:	41aa8ab3          	sub	s5,s5,s10
     734:	00bc07b3          	add	a5,s8,a1
     738:	00eb8733          	add	a4,s7,a4
     73c:	419a8ab3          	sub	s5,s5,s9
     740:	0187bcb3          	sltu	s9,a5,s8
     744:	01cc8cb3          	add	s9,s9,t3
     748:	01773bb3          	sltu	s7,a4,s7
     74c:	007b8bb3          	add	s7,s7,t2
     750:	01a7d793          	srli	a5,a5,0x1a
     754:	006c9393          	slli	t2,s9,0x6
     758:	00f387b3          	add	a5,t2,a5
     75c:	41acdc93          	srai	s9,s9,0x1a
     760:	0067d393          	srli	t2,a5,0x6
     764:	01ac9d13          	slli	s10,s9,0x1a
     768:	01a38d33          	add	s10,t2,s10
     76c:	01a79393          	slli	t2,a5,0x1a
     770:	407c03b3          	sub	t2,s8,t2
     774:	00f687b3          	add	a5,a3,a5
     778:	007c3c33          	sltu	s8,s8,t2
     77c:	00d7b6b3          	sltu	a3,a5,a3
     780:	019888b3          	add	a7,a7,s9
     784:	41ae0e33          	sub	t3,t3,s10
     788:	418e0e33          	sub	t3,t3,s8
     78c:	01168c33          	add	s8,a3,a7
     790:	010006b7          	lui	a3,0x1000
     794:	00d708b3          	add	a7,a4,a3
     798:	00e8bcb3          	sltu	s9,a7,a4
     79c:	017c8bb3          	add	s7,s9,s7
     7a0:	007b9c93          	slli	s9,s7,0x7
     7a4:	0198d893          	srli	a7,a7,0x19
     7a8:	011c88b3          	add	a7,s9,a7
     7ac:	01989c93          	slli	s9,a7,0x19
     7b0:	419bdb93          	srai	s7,s7,0x19
     7b4:	011808b3          	add	a7,a6,a7
     7b8:	0108b833          	sltu	a6,a7,a6
     7bc:	017989b3          	add	s3,s3,s7
     7c0:	01380bb3          	add	s7,a6,s3
     7c4:	00d78833          	add	a6,a5,a3
     7c8:	00f839b3          	sltu	s3,a6,a5
     7cc:	018989b3          	add	s3,s3,s8
     7d0:	00799c13          	slli	s8,s3,0x7
     7d4:	01985813          	srli	a6,a6,0x19
     7d8:	010c0833          	add	a6,s8,a6
     7dc:	01981c13          	slli	s8,a6,0x19
     7e0:	4199d993          	srai	s3,s3,0x19
     7e4:	010f8833          	add	a6,t6,a6
     7e8:	01f83fb3          	sltu	t6,a6,t6
     7ec:	01390933          	add	s2,s2,s3
     7f0:	012f8933          	add	s2,t6,s2
     7f4:	00b88fb3          	add	t6,a7,a1
     7f8:	011fb9b3          	sltu	s3,t6,a7
     7fc:	017989b3          	add	s3,s3,s7
     800:	00699b93          	slli	s7,s3,0x6
     804:	01afdf93          	srli	t6,t6,0x1a
     808:	01fb8fb3          	add	t6,s7,t6
     80c:	41a9db93          	srai	s7,s3,0x1a
     810:	01fe89b3          	add	s3,t4,t6
     814:	01d9beb3          	sltu	t4,s3,t4
     818:	017484b3          	add	s1,s1,s7
     81c:	418787b3          	sub	a5,a5,s8
     820:	009e8c33          	add	s8,t4,s1
     824:	00b80eb3          	add	t4,a6,a1
     828:	010eb4b3          	sltu	s1,t4,a6
     82c:	012484b3          	add	s1,s1,s2
     830:	00649913          	slli	s2,s1,0x6
     834:	01aede93          	srli	t4,t4,0x1a
     838:	01d90eb3          	add	t4,s2,t4
     83c:	41a4d913          	srai	s2,s1,0x1a
     840:	01df04b3          	add	s1,t5,t4
     844:	01e4bf33          	sltu	t5,s1,t5
     848:	01240433          	add	s0,s0,s2
     84c:	008f0bb3          	add	s7,t5,s0
     850:	00d98f33          	add	t5,s3,a3
     854:	013f3433          	sltu	s0,t5,s3
     858:	01840433          	add	s0,s0,s8
     85c:	00741913          	slli	s2,s0,0x7
     860:	019f5f13          	srli	t5,t5,0x19
     864:	01e90f33          	add	t5,s2,t5
     868:	01e38933          	add	s2,t2,t5
     86c:	41945413          	srai	s0,s0,0x19
     870:	008e0e33          	add	t3,t3,s0
     874:	007933b3          	sltu	t2,s2,t2
     878:	01c383b3          	add	t2,t2,t3
     87c:	00d48e33          	add	t3,s1,a3
     880:	009e3433          	sltu	s0,t3,s1
     884:	01740433          	add	s0,s0,s7
     888:	00741b93          	slli	s7,s0,0x7
     88c:	019e5e13          	srli	t3,t3,0x19
     890:	01cb8e33          	add	t3,s7,t3
     894:	41945c13          	srai	s8,s0,0x19
     898:	01c30433          	add	s0,t1,t3
     89c:	00643333          	sltu	t1,s0,t1
     8a0:	018282b3          	add	t0,t0,s8
     8a4:	00530bb3          	add	s7,t1,t0
     8a8:	00b902b3          	add	t0,s2,a1
     8ac:	0122b333          	sltu	t1,t0,s2
     8b0:	00730333          	add	t1,t1,t2
     8b4:	00631313          	slli	t1,t1,0x6
     8b8:	01a2d293          	srli	t0,t0,0x1a
     8bc:	005302b3          	add	t0,t1,t0
     8c0:	00b40333          	add	t1,s0,a1
     8c4:	008333b3          	sltu	t2,t1,s0
     8c8:	017383b3          	add	t2,t2,s7
     8cc:	00639b93          	slli	s7,t2,0x6
     8d0:	01a35313          	srli	t1,t1,0x1a
     8d4:	006b8333          	add	t1,s7,t1
     8d8:	41a3db93          	srai	s7,t2,0x1a
     8dc:	006b03b3          	add	t2,s6,t1
     8e0:	01760633          	add	a2,a2,s7
     8e4:	00d386b3          	add	a3,t2,a3
     8e8:	0163bb33          	sltu	s6,t2,s6
     8ec:	00cb0b33          	add	s6,s6,a2
     8f0:	0076b633          	sltu	a2,a3,t2
     8f4:	01660633          	add	a2,a2,s6
     8f8:	00761b13          	slli	s6,a2,0x7
     8fc:	0196d693          	srli	a3,a3,0x19
     900:	00db06b3          	add	a3,s6,a3
     904:	01300b93          	li	s7,19
     908:	41965613          	srai	a2,a2,0x19
     90c:	03768b33          	mul	s6,a3,s7
     910:	41970733          	sub	a4,a4,s9
     914:	01af9f93          	slli	t6,t6,0x1a
     918:	019f1f13          	slli	t5,t5,0x19
     91c:	01ae9e93          	slli	t4,t4,0x1a
     920:	019e1e13          	slli	t3,t3,0x19
     924:	01a31313          	slli	t1,t1,0x1a
     928:	41e989b3          	sub	s3,s3,t5
     92c:	41c484b3          	sub	s1,s1,t3
     930:	40640433          	sub	s0,s0,t1
     934:	03760633          	mul	a2,a2,s7
     938:	014b0a33          	add	s4,s6,s4
     93c:	00ba05b3          	add	a1,s4,a1
     940:	016a3b33          	sltu	s6,s4,s6
     944:	41f888b3          	sub	a7,a7,t6
     948:	005787b3          	add	a5,a5,t0
     94c:	41d80833          	sub	a6,a6,t4
     950:	01352623          	sw	s3,12(a0)
     954:	00952e23          	sw	s1,28(a0)
     958:	01152423          	sw	a7,8(a0)
     95c:	0376bbb3          	mulhu	s7,a3,s7
     960:	01969693          	slli	a3,a3,0x19
     964:	40d383b3          	sub	t2,t2,a3
     968:	00f52a23          	sw	a5,20(a0)
     96c:	01052c23          	sw	a6,24(a0)
     970:	02852023          	sw	s0,32(a0)
     974:	02752223          	sw	t2,36(a0)
     978:	01760633          	add	a2,a2,s7
     97c:	01560633          	add	a2,a2,s5
     980:	00cb0b33          	add	s6,s6,a2
     984:	0145b633          	sltu	a2,a1,s4
     988:	01660633          	add	a2,a2,s6
     98c:	00661613          	slli	a2,a2,0x6
     990:	01a5d593          	srli	a1,a1,0x1a
     994:	00b605b3          	add	a1,a2,a1
     998:	00b70733          	add	a4,a4,a1
     99c:	00e52223          	sw	a4,4(a0)
     9a0:	01a59613          	slli	a2,a1,0x1a
     9a4:	01a29713          	slli	a4,t0,0x1a
     9a8:	40ca0a33          	sub	s4,s4,a2
     9ac:	40e90933          	sub	s2,s2,a4
     9b0:	01452023          	sw	s4,0(a0)
     9b4:	01252823          	sw	s2,16(a0)
     9b8:	02c12403          	lw	s0,44(sp)
     9bc:	02812483          	lw	s1,40(sp)
     9c0:	02412903          	lw	s2,36(sp)
     9c4:	02012983          	lw	s3,32(sp)
     9c8:	01c12a03          	lw	s4,28(sp)
     9cc:	01812a83          	lw	s5,24(sp)
     9d0:	01412b03          	lw	s6,20(sp)
     9d4:	01012b83          	lw	s7,16(sp)
     9d8:	00c12c03          	lw	s8,12(sp)
     9dc:	00812c83          	lw	s9,8(sp)
     9e0:	00412d03          	lw	s10,4(sp)
     9e4:	03010113          	addi	sp,sp,48
     9e8:	00008067          	ret

000009ec <fe_mul>:
     9ec:	0145a703          	lw	a4,20(a1) # 2000014 <__bss_end+0x1ff8014>
     9f0:	f7010113          	addi	sp,sp,-144
     9f4:	0185a883          	lw	a7,24(a1)
     9f8:	00e12623          	sw	a4,12(sp)
     9fc:	01c5a703          	lw	a4,28(a1)
     a00:	0205a803          	lw	a6,32(a1)
     a04:	0005a783          	lw	a5,0(a1)
     a08:	00e12823          	sw	a4,16(sp)
     a0c:	0245a703          	lw	a4,36(a1)
     a10:	0105a683          	lw	a3,16(a1)
     a14:	00862303          	lw	t1,8(a2)
     a18:	00c62e83          	lw	t4,12(a2)
     a1c:	08812623          	sw	s0,140(sp)
     a20:	08912423          	sw	s1,136(sp)
     a24:	09212223          	sw	s2,132(sp)
     a28:	09312023          	sw	s3,128(sp)
     a2c:	07412e23          	sw	s4,124(sp)
     a30:	07512c23          	sw	s5,120(sp)
     a34:	07612a23          	sw	s6,116(sp)
     a38:	07712823          	sw	s7,112(sp)
     a3c:	07812623          	sw	s8,108(sp)
     a40:	07912423          	sw	s9,104(sp)
     a44:	07a12223          	sw	s10,100(sp)
     a48:	07b12023          	sw	s11,96(sp)
     a4c:	01062f83          	lw	t6,16(a2)
     a50:	0045a903          	lw	s2,4(a1)
     a54:	00c5a483          	lw	s1,12(a1)
     a58:	02a12423          	sw	a0,40(sp)
     a5c:	00e12a23          	sw	a4,20(sp)
     a60:	0085a503          	lw	a0,8(a1)
     a64:	00062703          	lw	a4,0(a2)
     a68:	00462583          	lw	a1,4(a2)
     a6c:	01462e03          	lw	t3,20(a2)
     a70:	01300393          	li	t2,19
     a74:	00191a13          	slli	s4,s2,0x1
     a78:	01c12c23          	sw	t3,24(sp)
     a7c:	01862e03          	lw	t3,24(a2)
     a80:	02e78d33          	mul	s10,a5,a4
     a84:	00149993          	slli	s3,s1,0x1
     a88:	03c12623          	sw	t3,44(sp)
     a8c:	01c62e03          	lw	t3,28(a2)
     a90:	03c12823          	sw	t3,48(sp)
     a94:	02062e03          	lw	t3,32(a2)
     a98:	02462603          	lw	a2,36(a2)
     a9c:	02e792b3          	mulh	t0,a5,a4
     aa0:	02c12e23          	sw	a2,60(sp)
     aa4:	00c12603          	lw	a2,12(sp)
     aa8:	03c12a23          	sw	t3,52(sp)
     aac:	00161613          	slli	a2,a2,0x1
     ab0:	00c12e23          	sw	a2,28(sp)
     ab4:	01012603          	lw	a2,16(sp)
     ab8:	00161613          	slli	a2,a2,0x1
     abc:	02c12023          	sw	a2,32(sp)
     ac0:	01412603          	lw	a2,20(sp)
     ac4:	027e0e33          	mul	t3,t3,t2
     ac8:	00161613          	slli	a2,a2,0x1
     acc:	02c12223          	sw	a2,36(sp)
     ad0:	01812603          	lw	a2,24(sp)
     ad4:	02760ab3          	mul	s5,a2,t2
     ad8:	02c12603          	lw	a2,44(sp)
     adc:	02760433          	mul	s0,a2,t2
     ae0:	03012603          	lw	a2,48(sp)
     ae4:	02760f33          	mul	t5,a2,t2
     ae8:	03c12603          	lw	a2,60(sp)
     aec:	02760633          	mul	a2,a2,t2
     af0:	02ca0b33          	mul	s6,s4,a2
     af4:	02ca1db3          	mulh	s11,s4,a2
     af8:	016d0b33          	add	s6,s10,s6
     afc:	01ab3d33          	sltu	s10,s6,s10
     b00:	01b282b3          	add	t0,t0,s11
     b04:	005d0d33          	add	s10,s10,t0
     b08:	03c502b3          	mul	t0,a0,t3
     b0c:	03c51db3          	mulh	s11,a0,t3
     b10:	005b02b3          	add	t0,s6,t0
     b14:	0162bb33          	sltu	s6,t0,s6
     b18:	01bd0d33          	add	s10,s10,s11
     b1c:	01ab0b33          	add	s6,s6,s10
     b20:	03e98d33          	mul	s10,s3,t5
     b24:	03e99db3          	mulh	s11,s3,t5
     b28:	01a28d33          	add	s10,t0,s10
     b2c:	005d32b3          	sltu	t0,s10,t0
     b30:	01bb0b33          	add	s6,s6,s11
     b34:	016282b3          	add	t0,t0,s6
     b38:	02868b33          	mul	s6,a3,s0
     b3c:	02869db3          	mulh	s11,a3,s0
     b40:	016d0b33          	add	s6,s10,s6
     b44:	01ab3d33          	sltu	s10,s6,s10
     b48:	01b282b3          	add	t0,t0,s11
     b4c:	005d0d33          	add	s10,s10,t0
     b50:	01c12283          	lw	t0,28(sp)
     b54:	01c12d83          	lw	s11,28(sp)
     b58:	027f8bb3          	mul	s7,t6,t2
     b5c:	035282b3          	mul	t0,t0,s5
     b60:	035d9db3          	mulh	s11,s11,s5
     b64:	005b02b3          	add	t0,s6,t0
     b68:	0162bb33          	sltu	s6,t0,s6
     b6c:	01bd0d33          	add	s10,s10,s11
     b70:	03788db3          	mul	s11,a7,s7
     b74:	01ab0b33          	add	s6,s6,s10
     b78:	03789d33          	mulh	s10,a7,s7
     b7c:	01b28db3          	add	s11,t0,s11
     b80:	005db2b3          	sltu	t0,s11,t0
     b84:	027e8c33          	mul	s8,t4,t2
     b88:	01ab0b33          	add	s6,s6,s10
     b8c:	01628d33          	add	s10,t0,s6
     b90:	02012283          	lw	t0,32(sp)
     b94:	02012b03          	lw	s6,32(sp)
     b98:	038282b3          	mul	t0,t0,s8
     b9c:	038b1b33          	mulh	s6,s6,s8
     ba0:	005d82b3          	add	t0,s11,t0
     ba4:	01b2bdb3          	sltu	s11,t0,s11
     ba8:	02730cb3          	mul	s9,t1,t2
     bac:	016d0d33          	add	s10,s10,s6
     bb0:	01ad8b33          	add	s6,s11,s10
     bb4:	03980d33          	mul	s10,a6,s9
     bb8:	03981db3          	mulh	s11,a6,s9
     bbc:	01a28d33          	add	s10,t0,s10
     bc0:	005d32b3          	sltu	t0,s10,t0
     bc4:	01bb0b33          	add	s6,s6,s11
     bc8:	016282b3          	add	t0,t0,s6
     bcc:	02758b33          	mul	s6,a1,t2
     bd0:	02412d83          	lw	s11,36(sp)
     bd4:	04512023          	sw	t0,64(sp)
     bd8:	02412283          	lw	t0,36(sp)
     bdc:	03bb0db3          	mul	s11,s6,s11
     be0:	025b1b33          	mulh	s6,s6,t0
     be4:	01bd02b3          	add	t0,s10,s11
     be8:	02512c23          	sw	t0,56(sp)
     bec:	01a2bd33          	sltu	s10,t0,s10
     bf0:	04012283          	lw	t0,64(sp)
     bf4:	016282b3          	add	t0,t0,s6
     bf8:	005d02b3          	add	t0,s10,t0
     bfc:	04512423          	sw	t0,72(sp)
     c00:	02b78d33          	mul	s10,a5,a1
     c04:	032702b3          	mul	t0,a4,s2
     c08:	03271db3          	mulh	s11,a4,s2
     c0c:	005d02b3          	add	t0,s10,t0
     c10:	01a2bd33          	sltu	s10,t0,s10
     c14:	02b79b33          	mulh	s6,a5,a1
     c18:	01bb0b33          	add	s6,s6,s11
     c1c:	016d0d33          	add	s10,s10,s6
     c20:	02a60b33          	mul	s6,a2,a0
     c24:	02a61db3          	mulh	s11,a2,a0
     c28:	01628b33          	add	s6,t0,s6
     c2c:	005b32b3          	sltu	t0,s6,t0
     c30:	01bd0d33          	add	s10,s10,s11
     c34:	01a282b3          	add	t0,t0,s10
     c38:	029e0d33          	mul	s10,t3,s1
     c3c:	029e1db3          	mulh	s11,t3,s1
     c40:	01ab0d33          	add	s10,s6,s10
     c44:	016d3b33          	sltu	s6,s10,s6
     c48:	01b282b3          	add	t0,t0,s11
     c4c:	005b0b33          	add	s6,s6,t0
     c50:	02df02b3          	mul	t0,t5,a3
     c54:	02df1db3          	mulh	s11,t5,a3
     c58:	005d02b3          	add	t0,s10,t0
     c5c:	01a2bd33          	sltu	s10,t0,s10
     c60:	01bb0b33          	add	s6,s6,s11
     c64:	016d0d33          	add	s10,s10,s6
     c68:	00c12b03          	lw	s6,12(sp)
     c6c:	00c12d83          	lw	s11,12(sp)
     c70:	03640b33          	mul	s6,s0,s6
     c74:	03b41db3          	mulh	s11,s0,s11
     c78:	01628b33          	add	s6,t0,s6
     c7c:	005b32b3          	sltu	t0,s6,t0
     c80:	01bd0d33          	add	s10,s10,s11
     c84:	01a28d33          	add	s10,t0,s10
     c88:	031a82b3          	mul	t0,s5,a7
     c8c:	031a9db3          	mulh	s11,s5,a7
     c90:	005b02b3          	add	t0,s6,t0
     c94:	0162bb33          	sltu	s6,t0,s6
     c98:	01bd0d33          	add	s10,s10,s11
     c9c:	01ab0b33          	add	s6,s6,s10
     ca0:	01012d03          	lw	s10,16(sp)
     ca4:	01012d83          	lw	s11,16(sp)
     ca8:	03ab8d33          	mul	s10,s7,s10
     cac:	03bb9db3          	mulh	s11,s7,s11
     cb0:	01a28d33          	add	s10,t0,s10
     cb4:	005d32b3          	sltu	t0,s10,t0
     cb8:	01bb0b33          	add	s6,s6,s11
     cbc:	016282b3          	add	t0,t0,s6
     cc0:	030c0b33          	mul	s6,s8,a6
     cc4:	030c1db3          	mulh	s11,s8,a6
     cc8:	016d0b33          	add	s6,s10,s6
     ccc:	01ab3d33          	sltu	s10,s6,s10
     cd0:	01b282b3          	add	t0,t0,s11
     cd4:	005d02b3          	add	t0,s10,t0
     cd8:	01412d03          	lw	s10,20(sp)
     cdc:	01412d83          	lw	s11,20(sp)
     ce0:	03ac8d33          	mul	s10,s9,s10
     ce4:	03bc9cb3          	mulh	s9,s9,s11
     ce8:	01ab0d33          	add	s10,s6,s10
     cec:	016d3b33          	sltu	s6,s10,s6
     cf0:	05a12023          	sw	s10,64(sp)
     cf4:	019282b3          	add	t0,t0,s9
     cf8:	005b02b3          	add	t0,s6,t0
     cfc:	04512823          	sw	t0,80(sp)
     d00:	02ba0b33          	mul	s6,s4,a1
     d04:	026782b3          	mul	t0,a5,t1
     d08:	02ba1d33          	mulh	s10,s4,a1
     d0c:	01628b33          	add	s6,t0,s6
     d10:	005b32b3          	sltu	t0,s6,t0
     d14:	02679cb3          	mulh	s9,a5,t1
     d18:	01ac8cb3          	add	s9,s9,s10
     d1c:	019282b3          	add	t0,t0,s9
     d20:	02a70cb3          	mul	s9,a4,a0
     d24:	02a71d33          	mulh	s10,a4,a0
     d28:	019b0cb3          	add	s9,s6,s9
     d2c:	016cbb33          	sltu	s6,s9,s6
     d30:	01a282b3          	add	t0,t0,s10
     d34:	03360d33          	mul	s10,a2,s3
     d38:	005b0b33          	add	s6,s6,t0
     d3c:	033612b3          	mulh	t0,a2,s3
     d40:	01ac8d33          	add	s10,s9,s10
     d44:	019d3cb3          	sltu	s9,s10,s9
     d48:	005b0b33          	add	s6,s6,t0
     d4c:	02de02b3          	mul	t0,t3,a3
     d50:	016c8cb3          	add	s9,s9,s6
     d54:	02de1b33          	mulh	s6,t3,a3
     d58:	005d02b3          	add	t0,s10,t0
     d5c:	01a2bd33          	sltu	s10,t0,s10
     d60:	016c8cb3          	add	s9,s9,s6
     d64:	01c12b03          	lw	s6,28(sp)
     d68:	019d0d33          	add	s10,s10,s9
     d6c:	01c12c83          	lw	s9,28(sp)
     d70:	036f0b33          	mul	s6,t5,s6
     d74:	039f1db3          	mulh	s11,t5,s9
     d78:	01628b33          	add	s6,t0,s6
     d7c:	005b32b3          	sltu	t0,s6,t0
     d80:	01bd0d33          	add	s10,s10,s11
     d84:	01a28cb3          	add	s9,t0,s10
     d88:	031402b3          	mul	t0,s0,a7
     d8c:	03141d33          	mulh	s10,s0,a7
     d90:	005b02b3          	add	t0,s6,t0
     d94:	0162bb33          	sltu	s6,t0,s6
     d98:	01ac8cb3          	add	s9,s9,s10
     d9c:	019b0b33          	add	s6,s6,s9
     da0:	02012c83          	lw	s9,32(sp)
     da4:	02012d03          	lw	s10,32(sp)
     da8:	039a8cb3          	mul	s9,s5,s9
     dac:	03aa9d33          	mulh	s10,s5,s10
     db0:	01928cb3          	add	s9,t0,s9
     db4:	005cb2b3          	sltu	t0,s9,t0
     db8:	01ab0b33          	add	s6,s6,s10
     dbc:	016282b3          	add	t0,t0,s6
     dc0:	030b8b33          	mul	s6,s7,a6
     dc4:	030b9d33          	mulh	s10,s7,a6
     dc8:	016c8b33          	add	s6,s9,s6
     dcc:	019b3cb3          	sltu	s9,s6,s9
     dd0:	01a282b3          	add	t0,t0,s10
     dd4:	005c82b3          	add	t0,s9,t0
     dd8:	02412c83          	lw	s9,36(sp)
     ddc:	02412d03          	lw	s10,36(sp)
     de0:	039c0cb3          	mul	s9,s8,s9
     de4:	03ac1c33          	mulh	s8,s8,s10
     de8:	019b0cb3          	add	s9,s6,s9
     dec:	016cbb33          	sltu	s6,s9,s6
     df0:	05912223          	sw	s9,68(sp)
     df4:	018282b3          	add	t0,t0,s8
     df8:	005b02b3          	add	t0,s6,t0
     dfc:	04512a23          	sw	t0,84(sp)
     e00:	02690b33          	mul	s6,s2,t1
     e04:	03d782b3          	mul	t0,a5,t4
     e08:	02691cb3          	mulh	s9,s2,t1
     e0c:	01628b33          	add	s6,t0,s6
     e10:	005b32b3          	sltu	t0,s6,t0
     e14:	03d79c33          	mulh	s8,a5,t4
     e18:	019c0c33          	add	s8,s8,s9
     e1c:	018282b3          	add	t0,t0,s8
     e20:	02b50c33          	mul	s8,a0,a1
     e24:	02b51cb3          	mulh	s9,a0,a1
     e28:	018b0c33          	add	s8,s6,s8
     e2c:	016c3b33          	sltu	s6,s8,s6
     e30:	019282b3          	add	t0,t0,s9
     e34:	02970cb3          	mul	s9,a4,s1
     e38:	005b0b33          	add	s6,s6,t0
     e3c:	029712b3          	mulh	t0,a4,s1
     e40:	019c0cb3          	add	s9,s8,s9
     e44:	018cbc33          	sltu	s8,s9,s8
     e48:	005b0b33          	add	s6,s6,t0
     e4c:	02d602b3          	mul	t0,a2,a3
     e50:	016c0c33          	add	s8,s8,s6
     e54:	02d61b33          	mulh	s6,a2,a3
     e58:	005c82b3          	add	t0,s9,t0
     e5c:	0192bcb3          	sltu	s9,t0,s9
     e60:	016c0c33          	add	s8,s8,s6
     e64:	00c12b03          	lw	s6,12(sp)
     e68:	018c8cb3          	add	s9,s9,s8
     e6c:	00c12c03          	lw	s8,12(sp)
     e70:	036e0b33          	mul	s6,t3,s6
     e74:	038e1d33          	mulh	s10,t3,s8
     e78:	01628b33          	add	s6,t0,s6
     e7c:	005b32b3          	sltu	t0,s6,t0
     e80:	01ac8cb3          	add	s9,s9,s10
     e84:	01928c33          	add	s8,t0,s9
     e88:	031f02b3          	mul	t0,t5,a7
     e8c:	031f1cb3          	mulh	s9,t5,a7
     e90:	005b02b3          	add	t0,s6,t0
     e94:	0162bb33          	sltu	s6,t0,s6
     e98:	019c0c33          	add	s8,s8,s9
     e9c:	018b0b33          	add	s6,s6,s8
     ea0:	01012c03          	lw	s8,16(sp)
     ea4:	01012c83          	lw	s9,16(sp)
     ea8:	03840c33          	mul	s8,s0,s8
     eac:	03941cb3          	mulh	s9,s0,s9
     eb0:	01828c33          	add	s8,t0,s8
     eb4:	005c32b3          	sltu	t0,s8,t0
     eb8:	019b0b33          	add	s6,s6,s9
     ebc:	016282b3          	add	t0,t0,s6
     ec0:	030a8b33          	mul	s6,s5,a6
     ec4:	030a9cb3          	mulh	s9,s5,a6
     ec8:	016c0b33          	add	s6,s8,s6
     ecc:	018b3c33          	sltu	s8,s6,s8
     ed0:	019282b3          	add	t0,t0,s9
     ed4:	005c02b3          	add	t0,s8,t0
     ed8:	01412c03          	lw	s8,20(sp)
     edc:	01412c83          	lw	s9,20(sp)
     ee0:	038b8c33          	mul	s8,s7,s8
     ee4:	039b9bb3          	mulh	s7,s7,s9
     ee8:	018b0db3          	add	s11,s6,s8
     eec:	016dbb33          	sltu	s6,s11,s6
     ef0:	017282b3          	add	t0,t0,s7
     ef4:	005b02b3          	add	t0,s6,t0
     ef8:	04512c23          	sw	t0,88(sp)
     efc:	03da0b33          	mul	s6,s4,t4
     f00:	03f782b3          	mul	t0,a5,t6
     f04:	03da1c33          	mulh	s8,s4,t4
     f08:	01628b33          	add	s6,t0,s6
     f0c:	005b32b3          	sltu	t0,s6,t0
     f10:	03f79bb3          	mulh	s7,a5,t6
     f14:	018b8bb3          	add	s7,s7,s8
     f18:	017282b3          	add	t0,t0,s7
     f1c:	02650bb3          	mul	s7,a0,t1
     f20:	02651c33          	mulh	s8,a0,t1
     f24:	017b0bb3          	add	s7,s6,s7
     f28:	016bbb33          	sltu	s6,s7,s6
     f2c:	018282b3          	add	t0,t0,s8
     f30:	02b98c33          	mul	s8,s3,a1
     f34:	005b0b33          	add	s6,s6,t0
     f38:	02b992b3          	mulh	t0,s3,a1
     f3c:	018b8c33          	add	s8,s7,s8
     f40:	017c3bb3          	sltu	s7,s8,s7
     f44:	005b0b33          	add	s6,s6,t0
     f48:	02d702b3          	mul	t0,a4,a3
     f4c:	016b8bb3          	add	s7,s7,s6
     f50:	02d71b33          	mulh	s6,a4,a3
     f54:	005c02b3          	add	t0,s8,t0
     f58:	0182bc33          	sltu	s8,t0,s8
     f5c:	016b8bb3          	add	s7,s7,s6
     f60:	01c12b03          	lw	s6,28(sp)
     f64:	017c0c33          	add	s8,s8,s7
     f68:	01c12b83          	lw	s7,28(sp)
     f6c:	03660b33          	mul	s6,a2,s6
     f70:	03761cb3          	mulh	s9,a2,s7
     f74:	01628b33          	add	s6,t0,s6
     f78:	005b32b3          	sltu	t0,s6,t0
     f7c:	019c0c33          	add	s8,s8,s9
     f80:	01828bb3          	add	s7,t0,s8
     f84:	031e02b3          	mul	t0,t3,a7
     f88:	031e1c33          	mulh	s8,t3,a7
     f8c:	005b02b3          	add	t0,s6,t0
     f90:	0162bb33          	sltu	s6,t0,s6
     f94:	018b8bb3          	add	s7,s7,s8
     f98:	017b0b33          	add	s6,s6,s7
     f9c:	02012b83          	lw	s7,32(sp)
     fa0:	02012c03          	lw	s8,32(sp)
     fa4:	037f0bb3          	mul	s7,t5,s7
     fa8:	038f1c33          	mulh	s8,t5,s8
     fac:	01728bb3          	add	s7,t0,s7
     fb0:	005bb2b3          	sltu	t0,s7,t0
     fb4:	018b0b33          	add	s6,s6,s8
     fb8:	016282b3          	add	t0,t0,s6
     fbc:	03040b33          	mul	s6,s0,a6
     fc0:	03041c33          	mulh	s8,s0,a6
     fc4:	016b8b33          	add	s6,s7,s6
     fc8:	017b3bb3          	sltu	s7,s6,s7
     fcc:	018282b3          	add	t0,t0,s8
     fd0:	005b82b3          	add	t0,s7,t0
     fd4:	02412b83          	lw	s7,36(sp)
     fd8:	02412c03          	lw	s8,36(sp)
     fdc:	037a8bb3          	mul	s7,s5,s7
     fe0:	038a9ab3          	mulh	s5,s5,s8
     fe4:	017b0cb3          	add	s9,s6,s7
     fe8:	016cbb33          	sltu	s6,s9,s6
     fec:	015282b3          	add	t0,t0,s5
     ff0:	005b02b3          	add	t0,s6,t0
     ff4:	01812a83          	lw	s5,24(sp)
     ff8:	04512623          	sw	t0,76(sp)
     ffc:	01812283          	lw	t0,24(sp)
    1000:	03579b33          	mulh	s6,a5,s5
    1004:	025782b3          	mul	t0,a5,t0
    1008:	03f90ab3          	mul	s5,s2,t6
    100c:	03f91bb3          	mulh	s7,s2,t6
    1010:	01528ab3          	add	s5,t0,s5
    1014:	005ab2b3          	sltu	t0,s5,t0
    1018:	017b0b33          	add	s6,s6,s7
    101c:	016282b3          	add	t0,t0,s6
    1020:	03d50b33          	mul	s6,a0,t4
    1024:	03d51bb3          	mulh	s7,a0,t4
    1028:	016a8b33          	add	s6,s5,s6
    102c:	015b3ab3          	sltu	s5,s6,s5
    1030:	017282b3          	add	t0,t0,s7
    1034:	02648bb3          	mul	s7,s1,t1
    1038:	005a8ab3          	add	s5,s5,t0
    103c:	026492b3          	mulh	t0,s1,t1
    1040:	017b0bb3          	add	s7,s6,s7
    1044:	016bbb33          	sltu	s6,s7,s6
    1048:	005a8ab3          	add	s5,s5,t0
    104c:	02b682b3          	mul	t0,a3,a1
    1050:	015b0b33          	add	s6,s6,s5
    1054:	02b69ab3          	mulh	s5,a3,a1
    1058:	005b82b3          	add	t0,s7,t0
    105c:	0172bbb3          	sltu	s7,t0,s7
    1060:	015b0b33          	add	s6,s6,s5
    1064:	00c12a83          	lw	s5,12(sp)
    1068:	016b8bb3          	add	s7,s7,s6
    106c:	00c12b03          	lw	s6,12(sp)
    1070:	03570ab3          	mul	s5,a4,s5
    1074:	03671c33          	mulh	s8,a4,s6
    1078:	01528ab3          	add	s5,t0,s5
    107c:	005ab2b3          	sltu	t0,s5,t0
    1080:	018b8bb3          	add	s7,s7,s8
    1084:	01728b33          	add	s6,t0,s7
    1088:	031602b3          	mul	t0,a2,a7
    108c:	03161bb3          	mulh	s7,a2,a7
    1090:	005a82b3          	add	t0,s5,t0
    1094:	0152bab3          	sltu	s5,t0,s5
    1098:	017b0b33          	add	s6,s6,s7
    109c:	016a8ab3          	add	s5,s5,s6
    10a0:	01012b03          	lw	s6,16(sp)
    10a4:	01012b83          	lw	s7,16(sp)
    10a8:	03171c33          	mulh	s8,a4,a7
    10ac:	036e0b33          	mul	s6,t3,s6
    10b0:	037e1bb3          	mulh	s7,t3,s7
    10b4:	01628b33          	add	s6,t0,s6
    10b8:	005b32b3          	sltu	t0,s6,t0
    10bc:	017a8ab3          	add	s5,s5,s7
    10c0:	015282b3          	add	t0,t0,s5
    10c4:	030f0ab3          	mul	s5,t5,a6
    10c8:	030f1bb3          	mulh	s7,t5,a6
    10cc:	015b0ab3          	add	s5,s6,s5
    10d0:	016abb33          	sltu	s6,s5,s6
    10d4:	017282b3          	add	t0,t0,s7
    10d8:	005b02b3          	add	t0,s6,t0
    10dc:	01412b83          	lw	s7,20(sp)
    10e0:	01412b03          	lw	s6,20(sp)
    10e4:	03640b33          	mul	s6,s0,s6
    10e8:	03741433          	mulh	s0,s0,s7
    10ec:	016a8d33          	add	s10,s5,s6
    10f0:	015d3ab3          	sltu	s5,s10,s5
    10f4:	01812b03          	lw	s6,24(sp)
    10f8:	008282b3          	add	t0,t0,s0
    10fc:	02c12403          	lw	s0,44(sp)
    1100:	005a82b3          	add	t0,s5,t0
    1104:	04512e23          	sw	t0,92(sp)
    1108:	02879ab3          	mulh	s5,a5,s0
    110c:	02c12283          	lw	t0,44(sp)
    1110:	01812403          	lw	s0,24(sp)
    1114:	025782b3          	mul	t0,a5,t0
    1118:	028a0433          	mul	s0,s4,s0
    111c:	036a1b33          	mulh	s6,s4,s6
    1120:	00828433          	add	s0,t0,s0
    1124:	005432b3          	sltu	t0,s0,t0
    1128:	016a8ab3          	add	s5,s5,s6
    112c:	015282b3          	add	t0,t0,s5
    1130:	03f50ab3          	mul	s5,a0,t6
    1134:	03f51b33          	mulh	s6,a0,t6
    1138:	01540ab3          	add	s5,s0,s5
    113c:	008ab433          	sltu	s0,s5,s0
    1140:	016282b3          	add	t0,t0,s6
    1144:	00540433          	add	s0,s0,t0
    1148:	03d982b3          	mul	t0,s3,t4
    114c:	03d99bb3          	mulh	s7,s3,t4
    1150:	005a82b3          	add	t0,s5,t0
    1154:	0152bab3          	sltu	s5,t0,s5
    1158:	01740433          	add	s0,s0,s7
    115c:	008a8b33          	add	s6,s5,s0
    1160:	02668433          	mul	s0,a3,t1
    1164:	02669bb3          	mulh	s7,a3,t1
    1168:	00828433          	add	s0,t0,s0
    116c:	005432b3          	sltu	t0,s0,t0
    1170:	017b0b33          	add	s6,s6,s7
    1174:	01628ab3          	add	s5,t0,s6
    1178:	01c12b03          	lw	s6,28(sp)
    117c:	01c12283          	lw	t0,28(sp)
    1180:	02bb1b33          	mulh	s6,s6,a1
    1184:	02b282b3          	mul	t0,t0,a1
    1188:	016a8ab3          	add	s5,s5,s6
    118c:	03170b33          	mul	s6,a4,a7
    1190:	005402b3          	add	t0,s0,t0
    1194:	0082b433          	sltu	s0,t0,s0
    1198:	01540bb3          	add	s7,s0,s5
    119c:	018b8bb3          	add	s7,s7,s8
    11a0:	02012403          	lw	s0,32(sp)
    11a4:	01628b33          	add	s6,t0,s6
    11a8:	005b32b3          	sltu	t0,s6,t0
    11ac:	01728ab3          	add	s5,t0,s7
    11b0:	02012283          	lw	t0,32(sp)
    11b4:	02861bb3          	mulh	s7,a2,s0
    11b8:	025602b3          	mul	t0,a2,t0
    11bc:	017a8ab3          	add	s5,s5,s7
    11c0:	005b02b3          	add	t0,s6,t0
    11c4:	0162b433          	sltu	s0,t0,s6
    11c8:	01540433          	add	s0,s0,s5
    11cc:	030e0ab3          	mul	s5,t3,a6
    11d0:	030e1b33          	mulh	s6,t3,a6
    11d4:	01528ab3          	add	s5,t0,s5
    11d8:	005ab2b3          	sltu	t0,s5,t0
    11dc:	01640433          	add	s0,s0,s6
    11e0:	008282b3          	add	t0,t0,s0
    11e4:	02412b03          	lw	s6,36(sp)
    11e8:	02412403          	lw	s0,36(sp)
    11ec:	03d69bb3          	mulh	s7,a3,t4
    11f0:	028f0433          	mul	s0,t5,s0
    11f4:	036f1f33          	mulh	t5,t5,s6
    11f8:	008a8433          	add	s0,s5,s0
    11fc:	01543ab3          	sltu	s5,s0,s5
    1200:	02c12b03          	lw	s6,44(sp)
    1204:	01e282b3          	add	t0,t0,t5
    1208:	03012f03          	lw	t5,48(sp)
    120c:	005a8c33          	add	s8,s5,t0
    1210:	03691b33          	mulh	s6,s2,s6
    1214:	03e78ab3          	mul	s5,a5,t5
    1218:	03e792b3          	mulh	t0,a5,t5
    121c:	02c12f03          	lw	t5,44(sp)
    1220:	03e90f33          	mul	t5,s2,t5
    1224:	016282b3          	add	t0,t0,s6
    1228:	01812b03          	lw	s6,24(sp)
    122c:	01ea8f33          	add	t5,s5,t5
    1230:	015f3ab3          	sltu	s5,t5,s5
    1234:	005a8ab3          	add	s5,s5,t0
    1238:	01812283          	lw	t0,24(sp)
    123c:	03651b33          	mulh	s6,a0,s6
    1240:	025502b3          	mul	t0,a0,t0
    1244:	016a8ab3          	add	s5,s5,s6
    1248:	005f02b3          	add	t0,t5,t0
    124c:	01e2bf33          	sltu	t5,t0,t5
    1250:	015f0f33          	add	t5,t5,s5
    1254:	03f48ab3          	mul	s5,s1,t6
    1258:	03f49b33          	mulh	s6,s1,t6
    125c:	01528ab3          	add	s5,t0,s5
    1260:	005ab2b3          	sltu	t0,s5,t0
    1264:	016f0f33          	add	t5,t5,s6
    1268:	01e282b3          	add	t0,t0,t5
    126c:	03d68f33          	mul	t5,a3,t4
    1270:	017282b3          	add	t0,t0,s7
    1274:	01ea8f33          	add	t5,s5,t5
    1278:	015f3ab3          	sltu	s5,t5,s5
    127c:	005a8b33          	add	s6,s5,t0
    1280:	00c12283          	lw	t0,12(sp)
    1284:	00c12a83          	lw	s5,12(sp)
    1288:	026282b3          	mul	t0,t0,t1
    128c:	026a9bb3          	mulh	s7,s5,t1
    1290:	005f02b3          	add	t0,t5,t0
    1294:	01e2bf33          	sltu	t5,t0,t5
    1298:	017b0b33          	add	s6,s6,s7
    129c:	016f0ab3          	add	s5,t5,s6
    12a0:	02b88f33          	mul	t5,a7,a1
    12a4:	03012b83          	lw	s7,48(sp)
    12a8:	02b89b33          	mulh	s6,a7,a1
    12ac:	01e28f33          	add	t5,t0,t5
    12b0:	005f32b3          	sltu	t0,t5,t0
    12b4:	016a8ab3          	add	s5,s5,s6
    12b8:	015282b3          	add	t0,t0,s5
    12bc:	01012a83          	lw	s5,16(sp)
    12c0:	01012b03          	lw	s6,16(sp)
    12c4:	03570ab3          	mul	s5,a4,s5
    12c8:	03671b33          	mulh	s6,a4,s6
    12cc:	015f0ab3          	add	s5,t5,s5
    12d0:	01eabf33          	sltu	t5,s5,t5
    12d4:	016282b3          	add	t0,t0,s6
    12d8:	005f0f33          	add	t5,t5,t0
    12dc:	030602b3          	mul	t0,a2,a6
    12e0:	03061b33          	mulh	s6,a2,a6
    12e4:	005a82b3          	add	t0,s5,t0
    12e8:	0152bab3          	sltu	s5,t0,s5
    12ec:	016f0f33          	add	t5,t5,s6
    12f0:	01ea8f33          	add	t5,s5,t5
    12f4:	01412a83          	lw	s5,20(sp)
    12f8:	01412b03          	lw	s6,20(sp)
    12fc:	035e0ab3          	mul	s5,t3,s5
    1300:	036e1e33          	mulh	t3,t3,s6
    1304:	01528ab3          	add	s5,t0,s5
    1308:	005ab2b3          	sltu	t0,s5,t0
    130c:	01cf0f33          	add	t5,t5,t3
    1310:	01e28b33          	add	s6,t0,t5
    1314:	03412f03          	lw	t5,52(sp)
    1318:	03412e03          	lw	t3,52(sp)
    131c:	03e792b3          	mulh	t0,a5,t5
    1320:	03012f03          	lw	t5,48(sp)
    1324:	03c78e33          	mul	t3,a5,t3
    1328:	03ea0f33          	mul	t5,s4,t5
    132c:	037a1a33          	mulh	s4,s4,s7
    1330:	01ee0f33          	add	t5,t3,t5
    1334:	01cf3e33          	sltu	t3,t5,t3
    1338:	014282b3          	add	t0,t0,s4
    133c:	005e0e33          	add	t3,t3,t0
    1340:	02c12283          	lw	t0,44(sp)
    1344:	02550a33          	mul	s4,a0,t0
    1348:	025512b3          	mulh	t0,a0,t0
    134c:	014f0a33          	add	s4,t5,s4
    1350:	01ea3f33          	sltu	t5,s4,t5
    1354:	005e0e33          	add	t3,t3,t0
    1358:	01cf0e33          	add	t3,t5,t3
    135c:	01812f03          	lw	t5,24(sp)
    1360:	01812283          	lw	t0,24(sp)
    1364:	03e98f33          	mul	t5,s3,t5
    1368:	025999b3          	mulh	s3,s3,t0
    136c:	01ea0f33          	add	t5,s4,t5
    1370:	014f3a33          	sltu	s4,t5,s4
    1374:	03f682b3          	mul	t0,a3,t6
    1378:	013e0e33          	add	t3,t3,s3
    137c:	01ca0a33          	add	s4,s4,t3
    1380:	03f69e33          	mulh	t3,a3,t6
    1384:	005f02b3          	add	t0,t5,t0
    1388:	01e2bf33          	sltu	t5,t0,t5
    138c:	01ca0a33          	add	s4,s4,t3
    1390:	014f0a33          	add	s4,t5,s4
    1394:	01c12f03          	lw	t5,28(sp)
    1398:	01c12e03          	lw	t3,28(sp)
    139c:	026899b3          	mulh	s3,a7,t1
    13a0:	03df1f33          	mulh	t5,t5,t4
    13a4:	03de0e33          	mul	t3,t3,t4
    13a8:	01ea0a33          	add	s4,s4,t5
    13ac:	02688f33          	mul	t5,a7,t1
    13b0:	01c28e33          	add	t3,t0,t3
    13b4:	005e32b3          	sltu	t0,t3,t0
    13b8:	014282b3          	add	t0,t0,s4
    13bc:	013282b3          	add	t0,t0,s3
    13c0:	02012983          	lw	s3,32(sp)
    13c4:	01ee0f33          	add	t5,t3,t5
    13c8:	01cf3e33          	sltu	t3,t5,t3
    13cc:	005e02b3          	add	t0,t3,t0
    13d0:	02012e03          	lw	t3,32(sp)
    13d4:	02b999b3          	mulh	s3,s3,a1
    13d8:	02be0e33          	mul	t3,t3,a1
    13dc:	013282b3          	add	t0,t0,s3
    13e0:	01cf0e33          	add	t3,t5,t3
    13e4:	01ee3f33          	sltu	t5,t3,t5
    13e8:	005f0f33          	add	t5,t5,t0
    13ec:	030702b3          	mul	t0,a4,a6
    13f0:	030719b3          	mulh	s3,a4,a6
    13f4:	005e02b3          	add	t0,t3,t0
    13f8:	01c2be33          	sltu	t3,t0,t3
    13fc:	013f0f33          	add	t5,t5,s3
    1400:	01ee0f33          	add	t5,t3,t5
    1404:	02412e03          	lw	t3,36(sp)
    1408:	02412983          	lw	s3,36(sp)
    140c:	03c60e33          	mul	t3,a2,t3
    1410:	03361633          	mulh	a2,a2,s3
    1414:	01c28e33          	add	t3,t0,t3
    1418:	005e32b3          	sltu	t0,t3,t0
    141c:	03412983          	lw	s3,52(sp)
    1420:	00cf0f33          	add	t5,t5,a2
    1424:	01e282b3          	add	t0,t0,t5
    1428:	03c12603          	lw	a2,60(sp)
    142c:	03c12f03          	lw	t5,60(sp)
    1430:	02c78633          	mul	a2,a5,a2
    1434:	03e797b3          	mulh	a5,a5,t5
    1438:	03412f03          	lw	t5,52(sp)
    143c:	03e90f33          	mul	t5,s2,t5
    1440:	03391933          	mulh	s2,s2,s3
    1444:	01e60f33          	add	t5,a2,t5
    1448:	00cf3633          	sltu	a2,t5,a2
    144c:	012787b3          	add	a5,a5,s2
    1450:	00f607b3          	add	a5,a2,a5
    1454:	03750633          	mul	a2,a0,s7
    1458:	03751533          	mulh	a0,a0,s7
    145c:	00cf0633          	add	a2,t5,a2
    1460:	01e63f33          	sltu	t5,a2,t5
    1464:	00a787b3          	add	a5,a5,a0
    1468:	02c12503          	lw	a0,44(sp)
    146c:	00ff07b3          	add	a5,t5,a5
    1470:	02c12f03          	lw	t5,44(sp)
    1474:	02a48533          	mul	a0,s1,a0
    1478:	03e494b3          	mulh	s1,s1,t5
    147c:	00a60533          	add	a0,a2,a0
    1480:	00c53633          	sltu	a2,a0,a2
    1484:	01812f03          	lw	t5,24(sp)
    1488:	009787b3          	add	a5,a5,s1
    148c:	00f607b3          	add	a5,a2,a5
    1490:	01812603          	lw	a2,24(sp)
    1494:	04c12483          	lw	s1,76(sp)
    1498:	02c68633          	mul	a2,a3,a2
    149c:	03e696b3          	mulh	a3,a3,t5
    14a0:	00c50633          	add	a2,a0,a2
    14a4:	00a63533          	sltu	a0,a2,a0
    14a8:	00d787b3          	add	a5,a5,a3
    14ac:	00c12683          	lw	a3,12(sp)
    14b0:	00f507b3          	add	a5,a0,a5
    14b4:	00c12503          	lw	a0,12(sp)
    14b8:	03f686b3          	mul	a3,a3,t6
    14bc:	03f51fb3          	mulh	t6,a0,t6
    14c0:	00d606b3          	add	a3,a2,a3
    14c4:	00c6b633          	sltu	a2,a3,a2
    14c8:	01012503          	lw	a0,16(sp)
    14cc:	01f787b3          	add	a5,a5,t6
    14d0:	00f607b3          	add	a5,a2,a5
    14d4:	03d88633          	mul	a2,a7,t4
    14d8:	03d89eb3          	mulh	t4,a7,t4
    14dc:	00c68633          	add	a2,a3,a2
    14e0:	00d636b3          	sltu	a3,a2,a3
    14e4:	01d787b3          	add	a5,a5,t4
    14e8:	00f687b3          	add	a5,a3,a5
    14ec:	01012683          	lw	a3,16(sp)
    14f0:	026686b3          	mul	a3,a3,t1
    14f4:	02651333          	mulh	t1,a0,t1
    14f8:	00d606b3          	add	a3,a2,a3
    14fc:	00c6b633          	sltu	a2,a3,a2
    1500:	02b80533          	mul	a0,a6,a1
    1504:	006787b3          	add	a5,a5,t1
    1508:	00f607b3          	add	a5,a2,a5
    150c:	04812603          	lw	a2,72(sp)
    1510:	04812303          	lw	t1,72(sp)
    1514:	02b815b3          	mulh	a1,a6,a1
    1518:	00a68533          	add	a0,a3,a0
    151c:	00d536b3          	sltu	a3,a0,a3
    1520:	00b787b3          	add	a5,a5,a1
    1524:	00f686b3          	add	a3,a3,a5
    1528:	01412783          	lw	a5,20(sp)
    152c:	02f70833          	mul	a6,a4,a5
    1530:	02f71733          	mulh	a4,a4,a5
    1534:	03812783          	lw	a5,56(sp)
    1538:	01050833          	add	a6,a0,a6
    153c:	00a83533          	sltu	a0,a6,a0
    1540:	00e686b3          	add	a3,a3,a4
    1544:	02000737          	lui	a4,0x2000
    1548:	00d50533          	add	a0,a0,a3
    154c:	00e786b3          	add	a3,a5,a4
    1550:	00f6b7b3          	sltu	a5,a3,a5
    1554:	00c787b3          	add	a5,a5,a2
    1558:	00679613          	slli	a2,a5,0x6
    155c:	01a6d693          	srli	a3,a3,0x1a
    1560:	00d606b3          	add	a3,a2,a3
    1564:	41a7d793          	srai	a5,a5,0x1a
    1568:	0066d613          	srli	a2,a3,0x6
    156c:	01a79893          	slli	a7,a5,0x1a
    1570:	011608b3          	add	a7,a2,a7
    1574:	03812603          	lw	a2,56(sp)
    1578:	01a69593          	slli	a1,a3,0x1a
    157c:	411308b3          	sub	a7,t1,a7
    1580:	40b605b3          	sub	a1,a2,a1
    1584:	00b63633          	sltu	a2,a2,a1
    1588:	40c888b3          	sub	a7,a7,a2
    158c:	04012603          	lw	a2,64(sp)
    1590:	04c12303          	lw	t1,76(sp)
    1594:	00d606b3          	add	a3,a2,a3
    1598:	00c6bf33          	sltu	t5,a3,a2
    159c:	05012603          	lw	a2,80(sp)
    15a0:	00f607b3          	add	a5,a2,a5
    15a4:	00ec8633          	add	a2,s9,a4
    15a8:	00ff0f33          	add	t5,t5,a5
    15ac:	019637b3          	sltu	a5,a2,s9
    15b0:	006787b3          	add	a5,a5,t1
    15b4:	00679313          	slli	t1,a5,0x6
    15b8:	01a65613          	srli	a2,a2,0x1a
    15bc:	00c30633          	add	a2,t1,a2
    15c0:	41a7d793          	srai	a5,a5,0x1a
    15c4:	00665313          	srli	t1,a2,0x6
    15c8:	01a79f93          	slli	t6,a5,0x1a
    15cc:	01a61e93          	slli	t4,a2,0x1a
    15d0:	41dc8eb3          	sub	t4,s9,t4
    15d4:	01f30fb3          	add	t6,t1,t6
    15d8:	41f48fb3          	sub	t6,s1,t6
    15dc:	01dcb333          	sltu	t1,s9,t4
    15e0:	406f8fb3          	sub	t6,t6,t1
    15e4:	05c12303          	lw	t1,92(sp)
    15e8:	00cd0633          	add	a2,s10,a2
    15ec:	01a63d33          	sltu	s10,a2,s10
    15f0:	00f307b3          	add	a5,t1,a5
    15f4:	00fd0d33          	add	s10,s10,a5
    15f8:	010007b7          	lui	a5,0x1000
    15fc:	00f68333          	add	t1,a3,a5
    1600:	00d334b3          	sltu	s1,t1,a3
    1604:	01e48f33          	add	t5,s1,t5
    1608:	007f1493          	slli	s1,t5,0x7
    160c:	01935313          	srli	t1,t1,0x19
    1610:	00648333          	add	t1,s1,t1
    1614:	419f5493          	srai	s1,t5,0x19
    1618:	01931f13          	slli	t5,t1,0x19
    161c:	41e68f33          	sub	t5,a3,t5
    1620:	04412683          	lw	a3,68(sp)
    1624:	00668333          	add	t1,a3,t1
    1628:	00d33933          	sltu	s2,t1,a3
    162c:	05412683          	lw	a3,84(sp)
    1630:	009686b3          	add	a3,a3,s1
    1634:	00d90933          	add	s2,s2,a3
    1638:	00f606b3          	add	a3,a2,a5
    163c:	00c6b4b3          	sltu	s1,a3,a2
    1640:	01a484b3          	add	s1,s1,s10
    1644:	00749993          	slli	s3,s1,0x7
    1648:	0196d693          	srli	a3,a3,0x19
    164c:	00d986b3          	add	a3,s3,a3
    1650:	01969993          	slli	s3,a3,0x19
    1654:	4194d493          	srai	s1,s1,0x19
    1658:	00d406b3          	add	a3,s0,a3
    165c:	0086b433          	sltu	s0,a3,s0
    1660:	009c0c33          	add	s8,s8,s1
    1664:	00e304b3          	add	s1,t1,a4
    1668:	01840c33          	add	s8,s0,s8
    166c:	0064b433          	sltu	s0,s1,t1
    1670:	01240433          	add	s0,s0,s2
    1674:	00641913          	slli	s2,s0,0x6
    1678:	41360633          	sub	a2,a2,s3
    167c:	01a4d493          	srli	s1,s1,0x1a
    1680:	05812983          	lw	s3,88(sp)
    1684:	009904b3          	add	s1,s2,s1
    1688:	009d8933          	add	s2,s11,s1
    168c:	41a45413          	srai	s0,s0,0x1a
    1690:	00898433          	add	s0,s3,s0
    1694:	01b93db3          	sltu	s11,s2,s11
    1698:	008d8db3          	add	s11,s11,s0
    169c:	00e68433          	add	s0,a3,a4
    16a0:	00d439b3          	sltu	s3,s0,a3
    16a4:	018989b3          	add	s3,s3,s8
    16a8:	00699a13          	slli	s4,s3,0x6
    16ac:	01a45413          	srli	s0,s0,0x1a
    16b0:	008a0433          	add	s0,s4,s0
    16b4:	41a9da13          	srai	s4,s3,0x1a
    16b8:	008a89b3          	add	s3,s5,s0
    16bc:	014b0b33          	add	s6,s6,s4
    16c0:	0159bab3          	sltu	s5,s3,s5
    16c4:	00f90a33          	add	s4,s2,a5
    16c8:	016a8ab3          	add	s5,s5,s6
    16cc:	012a3b33          	sltu	s6,s4,s2
    16d0:	01bb0b33          	add	s6,s6,s11
    16d4:	007b1b93          	slli	s7,s6,0x7
    16d8:	019a5a13          	srli	s4,s4,0x19
    16dc:	014b8a33          	add	s4,s7,s4
    16e0:	014e8bb3          	add	s7,t4,s4
    16e4:	419b5b13          	srai	s6,s6,0x19
    16e8:	016f8fb3          	add	t6,t6,s6
    16ec:	01dbbeb3          	sltu	t4,s7,t4
    16f0:	00f98b33          	add	s6,s3,a5
    16f4:	01fe8eb3          	add	t4,t4,t6
    16f8:	013b3fb3          	sltu	t6,s6,s3
    16fc:	015f8fb3          	add	t6,t6,s5
    1700:	007f9a93          	slli	s5,t6,0x7
    1704:	419fdf93          	srai	t6,t6,0x19
    1708:	01f282b3          	add	t0,t0,t6
    170c:	00eb8fb3          	add	t6,s7,a4
    1710:	017fbc33          	sltu	s8,t6,s7
    1714:	019b5b13          	srli	s6,s6,0x19
    1718:	016a8b33          	add	s6,s5,s6
    171c:	01dc0eb3          	add	t4,s8,t4
    1720:	016e0ab3          	add	s5,t3,s6
    1724:	006e9e93          	slli	t4,t4,0x6
    1728:	01afdf93          	srli	t6,t6,0x1a
    172c:	01cabe33          	sltu	t3,s5,t3
    1730:	01fe8fb3          	add	t6,t4,t6
    1734:	00ea8eb3          	add	t4,s5,a4
    1738:	005e02b3          	add	t0,t3,t0
    173c:	015ebe33          	sltu	t3,t4,s5
    1740:	005e0e33          	add	t3,t3,t0
    1744:	006e1293          	slli	t0,t3,0x6
    1748:	01aede93          	srli	t4,t4,0x1a
    174c:	01d28eb3          	add	t4,t0,t4
    1750:	41ae5293          	srai	t0,t3,0x1a
    1754:	01d80e33          	add	t3,a6,t4
    1758:	00fe07b3          	add	a5,t3,a5
    175c:	010e3833          	sltu	a6,t3,a6
    1760:	00550533          	add	a0,a0,t0
    1764:	00a80833          	add	a6,a6,a0
    1768:	01c7b533          	sltu	a0,a5,t3
    176c:	01050533          	add	a0,a0,a6
    1770:	00751813          	slli	a6,a0,0x7
    1774:	0197d793          	srli	a5,a5,0x19
    1778:	00f807b3          	add	a5,a6,a5
    177c:	41955513          	srai	a0,a0,0x19
    1780:	02778833          	mul	a6,a5,t2
    1784:	01a41413          	slli	s0,s0,0x1a
    1788:	01a49493          	slli	s1,s1,0x1a
    178c:	019a1a13          	slli	s4,s4,0x19
    1790:	408686b3          	sub	a3,a3,s0
    1794:	019b1b13          	slli	s6,s6,0x19
    1798:	01ae9e93          	slli	t4,t4,0x1a
    179c:	41490933          	sub	s2,s2,s4
    17a0:	416989b3          	sub	s3,s3,s6
    17a4:	40930333          	sub	t1,t1,s1
    17a8:	02750533          	mul	a0,a0,t2
    17ac:	00b805b3          	add	a1,a6,a1
    17b0:	00e58733          	add	a4,a1,a4
    17b4:	0105b833          	sltu	a6,a1,a6
    17b8:	41da8ab3          	sub	s5,s5,t4
    17bc:	01f60633          	add	a2,a2,t6
    17c0:	0277b3b3          	mulhu	t2,a5,t2
    17c4:	01979793          	slli	a5,a5,0x19
    17c8:	40fe0e33          	sub	t3,t3,a5
    17cc:	00750533          	add	a0,a0,t2
    17d0:	01150533          	add	a0,a0,a7
    17d4:	00a80833          	add	a6,a6,a0
    17d8:	00b73533          	sltu	a0,a4,a1
    17dc:	01050533          	add	a0,a0,a6
    17e0:	00651513          	slli	a0,a0,0x6
    17e4:	01a75713          	srli	a4,a4,0x1a
    17e8:	00e50733          	add	a4,a0,a4
    17ec:	01a71513          	slli	a0,a4,0x1a
    17f0:	40a585b3          	sub	a1,a1,a0
    17f4:	02812503          	lw	a0,40(sp)
    17f8:	00ef0f33          	add	t5,t5,a4
    17fc:	08c12403          	lw	s0,140(sp)
    1800:	01af9713          	slli	a4,t6,0x1a
    1804:	40eb8bb3          	sub	s7,s7,a4
    1808:	01252623          	sw	s2,12(a0)
    180c:	01752823          	sw	s7,16(a0)
    1810:	01352e23          	sw	s3,28(a0)
    1814:	03552023          	sw	s5,32(a0)
    1818:	00b52023          	sw	a1,0(a0)
    181c:	01e52223          	sw	t5,4(a0)
    1820:	00652423          	sw	t1,8(a0)
    1824:	00c52a23          	sw	a2,20(a0)
    1828:	00d52c23          	sw	a3,24(a0)
    182c:	03c52223          	sw	t3,36(a0)
    1830:	08812483          	lw	s1,136(sp)
    1834:	08412903          	lw	s2,132(sp)
    1838:	08012983          	lw	s3,128(sp)
    183c:	07c12a03          	lw	s4,124(sp)
    1840:	07812a83          	lw	s5,120(sp)
    1844:	07412b03          	lw	s6,116(sp)
    1848:	07012b83          	lw	s7,112(sp)
    184c:	06c12c03          	lw	s8,108(sp)
    1850:	06812c83          	lw	s9,104(sp)
    1854:	06412d03          	lw	s10,100(sp)
    1858:	06012d83          	lw	s11,96(sp)
    185c:	09010113          	addi	sp,sp,144
    1860:	00008067          	ret

00001864 <fe_sq>:
    1864:	fb010113          	addi	sp,sp,-80
    1868:	03912423          	sw	s9,40(sp)
    186c:	0245ac83          	lw	s9,36(a1)
    1870:	03512c23          	sw	s5,56(sp)
    1874:	02600a93          	li	s5,38
    1878:	035c8633          	mul	a2,s9,s5
    187c:	04812623          	sw	s0,76(sp)
    1880:	0045a403          	lw	s0,4(a1)
    1884:	0005af83          	lw	t6,0(a1)
    1888:	03612a23          	sw	s6,52(sp)
    188c:	00141693          	slli	a3,s0,0x1
    1890:	0205ab03          	lw	s6,32(a1)
    1894:	001f9793          	slli	a5,t6,0x1
    1898:	05212223          	sw	s2,68(sp)
    189c:	03412e23          	sw	s4,60(sp)
    18a0:	03ff9933          	mulh	s2,t6,t6
    18a4:	03812623          	sw	s8,44(sp)
    18a8:	03b12023          	sw	s11,32(sp)
    18ac:	01300c13          	li	s8,19
    18b0:	0105a703          	lw	a4,16(a1)
    18b4:	0185a303          	lw	t1,24(a1)
    18b8:	03712823          	sw	s7,48(sp)
    18bc:	0085a883          	lw	a7,8(a1)
    18c0:	01c5ab83          	lw	s7,28(a1)
    18c4:	0145a283          	lw	t0,20(a1)
    18c8:	03ff8a33          	mul	s4,t6,t6
    18cc:	00c5a383          	lw	t2,12(a1)
    18d0:	00189e93          	slli	t4,a7,0x1
    18d4:	04912423          	sw	s1,72(sp)
    18d8:	00139813          	slli	a6,t2,0x1
    18dc:	05312023          	sw	s3,64(sp)
    18e0:	00171993          	slli	s3,a4,0x1
    18e4:	00129e13          	slli	t3,t0,0x1
    18e8:	03a12223          	sw	s10,36(sp)
    18ec:	001b9d13          	slli	s10,s7,0x1
    18f0:	02c68fb3          	mul	t6,a3,a2
    18f4:	02c69db3          	mulh	s11,a3,a2
    18f8:	01fa0fb3          	add	t6,s4,t6
    18fc:	014fba33          	sltu	s4,t6,s4
    1900:	038b05b3          	mul	a1,s6,s8
    1904:	01b90933          	add	s2,s2,s11
    1908:	012a0a33          	add	s4,s4,s2
    190c:	02be8933          	mul	s2,t4,a1
    1910:	035b8f33          	mul	t5,s7,s5
    1914:	012f8933          	add	s2,t6,s2
    1918:	01f93fb3          	sltu	t6,s2,t6
    191c:	02be9db3          	mulh	s11,t4,a1
    1920:	01ba0a33          	add	s4,s4,s11
    1924:	03e80db3          	mul	s11,a6,t5
    1928:	014f8a33          	add	s4,t6,s4
    192c:	03e81fb3          	mulh	t6,a6,t5
    1930:	01b90db3          	add	s11,s2,s11
    1934:	012db933          	sltu	s2,s11,s2
    1938:	038304b3          	mul	s1,t1,s8
    193c:	01fa0a33          	add	s4,s4,t6
    1940:	01490933          	add	s2,s2,s4
    1944:	02998a33          	mul	s4,s3,s1
    1948:	02999fb3          	mulh	t6,s3,s1
    194c:	014d8a33          	add	s4,s11,s4
    1950:	01ba3db3          	sltu	s11,s4,s11
    1954:	01f90933          	add	s2,s2,t6
    1958:	012d8fb3          	add	t6,s11,s2
    195c:	03528933          	mul	s2,t0,s5
    1960:	02590ab3          	mul	s5,s2,t0
    1964:	02591933          	mulh	s2,s2,t0
    1968:	015a0ab3          	add	s5,s4,s5
    196c:	014aba33          	sltu	s4,s5,s4
    1970:	012f8fb3          	add	t6,t6,s2
    1974:	01fa0fb3          	add	t6,s4,t6
    1978:	01f12623          	sw	t6,12(sp)
    197c:	03160933          	mul	s2,a2,a7
    1980:	02878fb3          	mul	t6,a5,s0
    1984:	03161db3          	mulh	s11,a2,a7
    1988:	012f8933          	add	s2,t6,s2
    198c:	01f93fb3          	sltu	t6,s2,t6
    1990:	02879a33          	mulh	s4,a5,s0
    1994:	01ba0a33          	add	s4,s4,s11
    1998:	014f8fb3          	add	t6,t6,s4
    199c:	03058a33          	mul	s4,a1,a6
    19a0:	03059db3          	mulh	s11,a1,a6
    19a4:	01490a33          	add	s4,s2,s4
    19a8:	012a3933          	sltu	s2,s4,s2
    19ac:	01bf8fb3          	add	t6,t6,s11
    19b0:	01f90933          	add	s2,s2,t6
    19b4:	02ef0fb3          	mul	t6,t5,a4
    19b8:	02ef1db3          	mulh	s11,t5,a4
    19bc:	01fa0fb3          	add	t6,s4,t6
    19c0:	014fba33          	sltu	s4,t6,s4
    19c4:	01b90933          	add	s2,s2,s11
    19c8:	03c48db3          	mul	s11,s1,t3
    19cc:	012a0a33          	add	s4,s4,s2
    19d0:	03c49933          	mulh	s2,s1,t3
    19d4:	01bf8db3          	add	s11,t6,s11
    19d8:	01fdbfb3          	sltu	t6,s11,t6
    19dc:	01b12423          	sw	s11,8(sp)
    19e0:	012a0a33          	add	s4,s4,s2
    19e4:	014f8fb3          	add	t6,t6,s4
    19e8:	02868933          	mul	s2,a3,s0
    19ec:	01f12823          	sw	t6,16(sp)
    19f0:	03178fb3          	mul	t6,a5,a7
    19f4:	03179a33          	mulh	s4,a5,a7
    19f8:	012f8933          	add	s2,t6,s2
    19fc:	01f93fb3          	sltu	t6,s2,t6
    1a00:	02869433          	mulh	s0,a3,s0
    1a04:	008a0a33          	add	s4,s4,s0
    1a08:	03060433          	mul	s0,a2,a6
    1a0c:	014f8fb3          	add	t6,t6,s4
    1a10:	03061a33          	mulh	s4,a2,a6
    1a14:	00890433          	add	s0,s2,s0
    1a18:	01243933          	sltu	s2,s0,s2
    1a1c:	014f8fb3          	add	t6,t6,s4
    1a20:	01f90fb3          	add	t6,s2,t6
    1a24:	03358933          	mul	s2,a1,s3
    1a28:	033599b3          	mulh	s3,a1,s3
    1a2c:	01240933          	add	s2,s0,s2
    1a30:	00893433          	sltu	s0,s2,s0
    1a34:	013f8fb3          	add	t6,t6,s3
    1a38:	03cf09b3          	mul	s3,t5,t3
    1a3c:	01f40433          	add	s0,s0,t6
    1a40:	03cf1a33          	mulh	s4,t5,t3
    1a44:	013909b3          	add	s3,s2,s3
    1a48:	0129b933          	sltu	s2,s3,s2
    1a4c:	01440433          	add	s0,s0,s4
    1a50:	00890fb3          	add	t6,s2,s0
    1a54:	02648933          	mul	s2,s1,t1
    1a58:	026494b3          	mulh	s1,s1,t1
    1a5c:	01298933          	add	s2,s3,s2
    1a60:	013939b3          	sltu	s3,s2,s3
    1a64:	009f8fb3          	add	t6,t6,s1
    1a68:	02778433          	mul	s0,a5,t2
    1a6c:	01f98fb3          	add	t6,s3,t6
    1a70:	01f12a23          	sw	t6,20(sp)
    1a74:	031684b3          	mul	s1,a3,a7
    1a78:	031699b3          	mulh	s3,a3,a7
    1a7c:	009404b3          	add	s1,s0,s1
    1a80:	0084b433          	sltu	s0,s1,s0
    1a84:	02779fb3          	mulh	t6,a5,t2
    1a88:	013f8fb3          	add	t6,t6,s3
    1a8c:	01f40433          	add	s0,s0,t6
    1a90:	02e60fb3          	mul	t6,a2,a4
    1a94:	02e619b3          	mulh	s3,a2,a4
    1a98:	01f48fb3          	add	t6,s1,t6
    1a9c:	009fb4b3          	sltu	s1,t6,s1
    1aa0:	01340433          	add	s0,s0,s3
    1aa4:	03c589b3          	mul	s3,a1,t3
    1aa8:	008484b3          	add	s1,s1,s0
    1aac:	03c59433          	mulh	s0,a1,t3
    1ab0:	013f89b3          	add	s3,t6,s3
    1ab4:	01f9bfb3          	sltu	t6,s3,t6
    1ab8:	008484b3          	add	s1,s1,s0
    1abc:	026f0433          	mul	s0,t5,t1
    1ac0:	009f8fb3          	add	t6,t6,s1
    1ac4:	026f14b3          	mulh	s1,t5,t1
    1ac8:	00898433          	add	s0,s3,s0
    1acc:	013439b3          	sltu	s3,s0,s3
    1ad0:	009f8fb3          	add	t6,t6,s1
    1ad4:	01f98fb3          	add	t6,s3,t6
    1ad8:	01f12c23          	sw	t6,24(sp)
    1adc:	02e789b3          	mul	s3,a5,a4
    1ae0:	03068fb3          	mul	t6,a3,a6
    1ae4:	03069a33          	mulh	s4,a3,a6
    1ae8:	01f98fb3          	add	t6,s3,t6
    1aec:	013fb9b3          	sltu	s3,t6,s3
    1af0:	02e794b3          	mulh	s1,a5,a4
    1af4:	014484b3          	add	s1,s1,s4
    1af8:	009984b3          	add	s1,s3,s1
    1afc:	031889b3          	mul	s3,a7,a7
    1b00:	031898b3          	mulh	a7,a7,a7
    1b04:	013f89b3          	add	s3,t6,s3
    1b08:	01f9bfb3          	sltu	t6,s3,t6
    1b0c:	011484b3          	add	s1,s1,a7
    1b10:	03c618b3          	mulh	a7,a2,t3
    1b14:	009f8fb3          	add	t6,t6,s1
    1b18:	00131493          	slli	s1,t1,0x1
    1b1c:	03c60a33          	mul	s4,a2,t3
    1b20:	011f8fb3          	add	t6,t6,a7
    1b24:	02b488b3          	mul	a7,s1,a1
    1b28:	01498a33          	add	s4,s3,s4
    1b2c:	013a39b3          	sltu	s3,s4,s3
    1b30:	01f989b3          	add	s3,s3,t6
    1b34:	02b494b3          	mulh	s1,s1,a1
    1b38:	011a08b3          	add	a7,s4,a7
    1b3c:	0148ba33          	sltu	s4,a7,s4
    1b40:	009989b3          	add	s3,s3,s1
    1b44:	013a0fb3          	add	t6,s4,s3
    1b48:	037f0a33          	mul	s4,t5,s7
    1b4c:	037f1f33          	mulh	t5,t5,s7
    1b50:	01488a33          	add	s4,a7,s4
    1b54:	011a38b3          	sltu	a7,s4,a7
    1b58:	01ef8fb3          	add	t6,t6,t5
    1b5c:	02f284b3          	mul	s1,t0,a5
    1b60:	01f888b3          	add	a7,a7,t6
    1b64:	02e68fb3          	mul	t6,a3,a4
    1b68:	02e699b3          	mulh	s3,a3,a4
    1b6c:	01f48fb3          	add	t6,s1,t6
    1b70:	009fb4b3          	sltu	s1,t6,s1
    1b74:	02f29f33          	mulh	t5,t0,a5
    1b78:	013f0f33          	add	t5,t5,s3
    1b7c:	01e484b3          	add	s1,s1,t5
    1b80:	027e8f33          	mul	t5,t4,t2
    1b84:	027e99b3          	mulh	s3,t4,t2
    1b88:	01ef8f33          	add	t5,t6,t5
    1b8c:	01ff3fb3          	sltu	t6,t5,t6
    1b90:	013484b3          	add	s1,s1,s3
    1b94:	009f8fb3          	add	t6,t6,s1
    1b98:	026604b3          	mul	s1,a2,t1
    1b9c:	026619b3          	mulh	s3,a2,t1
    1ba0:	009f04b3          	add	s1,t5,s1
    1ba4:	01e4bf33          	sltu	t5,s1,t5
    1ba8:	013f8fb3          	add	t6,t6,s3
    1bac:	03a589b3          	mul	s3,a1,s10
    1bb0:	01ff0f33          	add	t5,t5,t6
    1bb4:	03a59fb3          	mulh	t6,a1,s10
    1bb8:	013489b3          	add	s3,s1,s3
    1bbc:	0099b4b3          	sltu	s1,s3,s1
    1bc0:	01ff0f33          	add	t5,t5,t6
    1bc4:	01e48f33          	add	t5,s1,t5
    1bc8:	01e12e23          	sw	t5,28(sp)
    1bcc:	03c684b3          	mul	s1,a3,t3
    1bd0:	02678f33          	mul	t5,a5,t1
    1bd4:	03c69db3          	mulh	s11,a3,t3
    1bd8:	009f04b3          	add	s1,t5,s1
    1bdc:	01e4bf33          	sltu	t5,s1,t5
    1be0:	02679fb3          	mulh	t6,a5,t1
    1be4:	01bf8fb3          	add	t6,t6,s11
    1be8:	01ff0f33          	add	t5,t5,t6
    1bec:	02ee8fb3          	mul	t6,t4,a4
    1bf0:	02ee9db3          	mulh	s11,t4,a4
    1bf4:	01f48fb3          	add	t6,s1,t6
    1bf8:	009fb4b3          	sltu	s1,t6,s1
    1bfc:	01bf0f33          	add	t5,t5,s11
    1c00:	01e48f33          	add	t5,s1,t5
    1c04:	027804b3          	mul	s1,a6,t2
    1c08:	027813b3          	mulh	t2,a6,t2
    1c0c:	009f84b3          	add	s1,t6,s1
    1c10:	01f4bfb3          	sltu	t6,s1,t6
    1c14:	007f0f33          	add	t5,t5,t2
    1c18:	03a603b3          	mul	t2,a2,s10
    1c1c:	01ef8db3          	add	s11,t6,t5
    1c20:	03a61fb3          	mulh	t6,a2,s10
    1c24:	007483b3          	add	t2,s1,t2
    1c28:	0093b4b3          	sltu	s1,t2,s1
    1c2c:	01fd8db3          	add	s11,s11,t6
    1c30:	01b48f33          	add	t5,s1,s11
    1c34:	036584b3          	mul	s1,a1,s6
    1c38:	036595b3          	mulh	a1,a1,s6
    1c3c:	009384b3          	add	s1,t2,s1
    1c40:	0074bfb3          	sltu	t6,s1,t2
    1c44:	00bf0f33          	add	t5,t5,a1
    1c48:	037783b3          	mul	t2,a5,s7
    1c4c:	01ef8fb3          	add	t6,t6,t5
    1c50:	026685b3          	mul	a1,a3,t1
    1c54:	02669db3          	mulh	s11,a3,t1
    1c58:	00b385b3          	add	a1,t2,a1
    1c5c:	0075b3b3          	sltu	t2,a1,t2
    1c60:	03779f33          	mulh	t5,a5,s7
    1c64:	01bf0f33          	add	t5,t5,s11
    1c68:	01e38f33          	add	t5,t2,t5
    1c6c:	025e83b3          	mul	t2,t4,t0
    1c70:	025e92b3          	mulh	t0,t4,t0
    1c74:	007583b3          	add	t2,a1,t2
    1c78:	00b3b5b3          	sltu	a1,t2,a1
    1c7c:	005f0f33          	add	t5,t5,t0
    1c80:	01e582b3          	add	t0,a1,t5
    1c84:	02e80f33          	mul	t5,a6,a4
    1c88:	02e81db3          	mulh	s11,a6,a4
    1c8c:	01e38f33          	add	t5,t2,t5
    1c90:	007f33b3          	sltu	t2,t5,t2
    1c94:	01b282b3          	add	t0,t0,s11
    1c98:	005385b3          	add	a1,t2,t0
    1c9c:	036603b3          	mul	t2,a2,s6
    1ca0:	036612b3          	mulh	t0,a2,s6
    1ca4:	007f03b3          	add	t2,t5,t2
    1ca8:	01e3bf33          	sltu	t5,t2,t5
    1cac:	005585b3          	add	a1,a1,t0
    1cb0:	00bf0f33          	add	t5,t5,a1
    1cb4:	03a682b3          	mul	t0,a3,s10
    1cb8:	036785b3          	mul	a1,a5,s6
    1cbc:	03679db3          	mulh	s11,a5,s6
    1cc0:	005582b3          	add	t0,a1,t0
    1cc4:	00b2b5b3          	sltu	a1,t0,a1
    1cc8:	03a69d33          	mulh	s10,a3,s10
    1ccc:	01ad8db3          	add	s11,s11,s10
    1cd0:	01b58db3          	add	s11,a1,s11
    1cd4:	026e85b3          	mul	a1,t4,t1
    1cd8:	026e9d33          	mulh	s10,t4,t1
    1cdc:	00b285b3          	add	a1,t0,a1
    1ce0:	0055b2b3          	sltu	t0,a1,t0
    1ce4:	01ad8db3          	add	s11,s11,s10
    1ce8:	03c80d33          	mul	s10,a6,t3
    1cec:	01b282b3          	add	t0,t0,s11
    1cf0:	03c81db3          	mulh	s11,a6,t3
    1cf4:	01a58d33          	add	s10,a1,s10
    1cf8:	00bd35b3          	sltu	a1,s10,a1
    1cfc:	01b282b3          	add	t0,t0,s11
    1d00:	005585b3          	add	a1,a1,t0
    1d04:	02e702b3          	mul	t0,a4,a4
    1d08:	02e71db3          	mulh	s11,a4,a4
    1d0c:	005d02b3          	add	t0,s10,t0
    1d10:	01a2bd33          	sltu	s10,t0,s10
    1d14:	01b585b3          	add	a1,a1,s11
    1d18:	00bd05b3          	add	a1,s10,a1
    1d1c:	03960d33          	mul	s10,a2,s9
    1d20:	03961633          	mulh	a2,a2,s9
    1d24:	01a28d33          	add	s10,t0,s10
    1d28:	005d32b3          	sltu	t0,s10,t0
    1d2c:	00c585b3          	add	a1,a1,a2
    1d30:	00b285b3          	add	a1,t0,a1
    1d34:	03978633          	mul	a2,a5,s9
    1d38:	036682b3          	mul	t0,a3,s6
    1d3c:	039797b3          	mulh	a5,a5,s9
    1d40:	005602b3          	add	t0,a2,t0
    1d44:	00c2b633          	sltu	a2,t0,a2
    1d48:	036696b3          	mulh	a3,a3,s6
    1d4c:	00d787b3          	add	a5,a5,a3
    1d50:	037e86b3          	mul	a3,t4,s7
    1d54:	00f607b3          	add	a5,a2,a5
    1d58:	037e9eb3          	mulh	t4,t4,s7
    1d5c:	00d286b3          	add	a3,t0,a3
    1d60:	0056b2b3          	sltu	t0,a3,t0
    1d64:	02680633          	mul	a2,a6,t1
    1d68:	01d787b3          	add	a5,a5,t4
    1d6c:	00f287b3          	add	a5,t0,a5
    1d70:	00c12283          	lw	t0,12(sp)
    1d74:	02681833          	mulh	a6,a6,t1
    1d78:	00c68633          	add	a2,a3,a2
    1d7c:	00d636b3          	sltu	a3,a2,a3
    1d80:	03c70333          	mul	t1,a4,t3
    1d84:	010787b3          	add	a5,a5,a6
    1d88:	00f686b3          	add	a3,a3,a5
    1d8c:	03c71733          	mulh	a4,a4,t3
    1d90:	00660333          	add	t1,a2,t1
    1d94:	00c33e33          	sltu	t3,t1,a2
    1d98:	00c12603          	lw	a2,12(sp)
    1d9c:	00e686b3          	add	a3,a3,a4
    1da0:	02000737          	lui	a4,0x2000
    1da4:	00de0e33          	add	t3,t3,a3
    1da8:	00ea86b3          	add	a3,s5,a4
    1dac:	0156b7b3          	sltu	a5,a3,s5
    1db0:	00c787b3          	add	a5,a5,a2
    1db4:	00679613          	slli	a2,a5,0x6
    1db8:	01a6d693          	srli	a3,a3,0x1a
    1dbc:	00d606b3          	add	a3,a2,a3
    1dc0:	41a7d793          	srai	a5,a5,0x1a
    1dc4:	0066d813          	srli	a6,a3,0x6
    1dc8:	01a79613          	slli	a2,a5,0x1a
    1dcc:	00c80633          	add	a2,a6,a2
    1dd0:	01a69813          	slli	a6,a3,0x1a
    1dd4:	410a8833          	sub	a6,s5,a6
    1dd8:	010abeb3          	sltu	t4,s5,a6
    1ddc:	40c28ab3          	sub	s5,t0,a2
    1de0:	00812603          	lw	a2,8(sp)
    1de4:	41da8ab3          	sub	s5,s5,t4
    1de8:	00d606b3          	add	a3,a2,a3
    1dec:	00c6bb33          	sltu	s6,a3,a2
    1df0:	01012603          	lw	a2,16(sp)
    1df4:	02812c83          	lw	s9,40(sp)
    1df8:	02012d83          	lw	s11,32(sp)
    1dfc:	00f607b3          	add	a5,a2,a5
    1e00:	00ea0633          	add	a2,s4,a4
    1e04:	00fb0b33          	add	s6,s6,a5
    1e08:	014637b3          	sltu	a5,a2,s4
    1e0c:	011787b3          	add	a5,a5,a7
    1e10:	00679e93          	slli	t4,a5,0x6
    1e14:	01a65613          	srli	a2,a2,0x1a
    1e18:	00ce8633          	add	a2,t4,a2
    1e1c:	41a7d793          	srai	a5,a5,0x1a
    1e20:	00665293          	srli	t0,a2,0x6
    1e24:	01a79e93          	slli	t4,a5,0x1a
    1e28:	01d28eb3          	add	t4,t0,t4
    1e2c:	41d888b3          	sub	a7,a7,t4
    1e30:	01c12e83          	lw	t4,28(sp)
    1e34:	01a61293          	slli	t0,a2,0x1a
    1e38:	00c98633          	add	a2,s3,a2
    1e3c:	00fe87b3          	add	a5,t4,a5
    1e40:	013639b3          	sltu	s3,a2,s3
    1e44:	405a02b3          	sub	t0,s4,t0
    1e48:	00f989b3          	add	s3,s3,a5
    1e4c:	010007b7          	lui	a5,0x1000
    1e50:	00f68eb3          	add	t4,a3,a5
    1e54:	005a3a33          	sltu	s4,s4,t0
    1e58:	414888b3          	sub	a7,a7,s4
    1e5c:	00deba33          	sltu	s4,t4,a3
    1e60:	016a0a33          	add	s4,s4,s6
    1e64:	007a1b13          	slli	s6,s4,0x7
    1e68:	019ede93          	srli	t4,t4,0x19
    1e6c:	01db0eb3          	add	t4,s6,t4
    1e70:	419a5b13          	srai	s6,s4,0x19
    1e74:	019e9a13          	slli	s4,t4,0x19
    1e78:	41468a33          	sub	s4,a3,s4
    1e7c:	01412683          	lw	a3,20(sp)
    1e80:	01d90eb3          	add	t4,s2,t4
    1e84:	012eb933          	sltu	s2,t4,s2
    1e88:	016686b3          	add	a3,a3,s6
    1e8c:	00d90b33          	add	s6,s2,a3
    1e90:	00f606b3          	add	a3,a2,a5
    1e94:	00c6b933          	sltu	s2,a3,a2
    1e98:	01390933          	add	s2,s2,s3
    1e9c:	00791993          	slli	s3,s2,0x7
    1ea0:	0196d693          	srli	a3,a3,0x19
    1ea4:	00d986b3          	add	a3,s3,a3
    1ea8:	01969993          	slli	s3,a3,0x19
    1eac:	41995913          	srai	s2,s2,0x19
    1eb0:	00d486b3          	add	a3,s1,a3
    1eb4:	012f8fb3          	add	t6,t6,s2
    1eb8:	0096b4b3          	sltu	s1,a3,s1
    1ebc:	00ee8933          	add	s2,t4,a4
    1ec0:	01f484b3          	add	s1,s1,t6
    1ec4:	01d93fb3          	sltu	t6,s2,t4
    1ec8:	016f8fb3          	add	t6,t6,s6
    1ecc:	41360633          	sub	a2,a2,s3
    1ed0:	01812b03          	lw	s6,24(sp)
    1ed4:	006f9993          	slli	s3,t6,0x6
    1ed8:	01a95913          	srli	s2,s2,0x1a
    1edc:	01298933          	add	s2,s3,s2
    1ee0:	012409b3          	add	s3,s0,s2
    1ee4:	41afdf93          	srai	t6,t6,0x1a
    1ee8:	0089b433          	sltu	s0,s3,s0
    1eec:	01fb0fb3          	add	t6,s6,t6
    1ef0:	01f40b33          	add	s6,s0,t6
    1ef4:	00e68fb3          	add	t6,a3,a4
    1ef8:	00dfb433          	sltu	s0,t6,a3
    1efc:	00940433          	add	s0,s0,s1
    1f00:	00641493          	slli	s1,s0,0x6
    1f04:	01afdf93          	srli	t6,t6,0x1a
    1f08:	01f48fb3          	add	t6,s1,t6
    1f0c:	01f384b3          	add	s1,t2,t6
    1f10:	41a45413          	srai	s0,s0,0x1a
    1f14:	008f0f33          	add	t5,t5,s0
    1f18:	0074b3b3          	sltu	t2,s1,t2
    1f1c:	00f98433          	add	s0,s3,a5
    1f20:	01e383b3          	add	t2,t2,t5
    1f24:	01343f33          	sltu	t5,s0,s3
    1f28:	016f0f33          	add	t5,t5,s6
    1f2c:	007f1b13          	slli	s6,t5,0x7
    1f30:	01945413          	srli	s0,s0,0x19
    1f34:	419f5f13          	srai	t5,t5,0x19
    1f38:	008b0433          	add	s0,s6,s0
    1f3c:	01e888b3          	add	a7,a7,t5
    1f40:	00f48f33          	add	t5,s1,a5
    1f44:	00828b33          	add	s6,t0,s0
    1f48:	009f3bb3          	sltu	s7,t5,s1
    1f4c:	005b32b3          	sltu	t0,s6,t0
    1f50:	007b83b3          	add	t2,s7,t2
    1f54:	011288b3          	add	a7,t0,a7
    1f58:	019f5f13          	srli	t5,t5,0x19
    1f5c:	00739293          	slli	t0,t2,0x7
    1f60:	01e28f33          	add	t5,t0,t5
    1f64:	4193db93          	srai	s7,t2,0x19
    1f68:	00eb02b3          	add	t0,s6,a4
    1f6c:	017585b3          	add	a1,a1,s7
    1f70:	0162bbb3          	sltu	s7,t0,s6
    1f74:	011b88b3          	add	a7,s7,a7
    1f78:	01ed03b3          	add	t2,s10,t5
    1f7c:	00689893          	slli	a7,a7,0x6
    1f80:	01a2d293          	srli	t0,t0,0x1a
    1f84:	01a3bd33          	sltu	s10,t2,s10
    1f88:	005882b3          	add	t0,a7,t0
    1f8c:	00e388b3          	add	a7,t2,a4
    1f90:	00bd05b3          	add	a1,s10,a1
    1f94:	0078bd33          	sltu	s10,a7,t2
    1f98:	00bd0d33          	add	s10,s10,a1
    1f9c:	006d1593          	slli	a1,s10,0x6
    1fa0:	01a8d893          	srli	a7,a7,0x1a
    1fa4:	011588b3          	add	a7,a1,a7
    1fa8:	01130bb3          	add	s7,t1,a7
    1fac:	41ad5d13          	srai	s10,s10,0x1a
    1fb0:	00fb87b3          	add	a5,s7,a5
    1fb4:	006bb333          	sltu	t1,s7,t1
    1fb8:	01ae0e33          	add	t3,t3,s10
    1fbc:	0177b5b3          	sltu	a1,a5,s7
    1fc0:	01c30333          	add	t1,t1,t3
    1fc4:	006585b3          	add	a1,a1,t1
    1fc8:	00759313          	slli	t1,a1,0x7
    1fcc:	0197d793          	srli	a5,a5,0x19
    1fd0:	00f307b3          	add	a5,t1,a5
    1fd4:	4195d593          	srai	a1,a1,0x19
    1fd8:	03878333          	mul	t1,a5,s8
    1fdc:	01941413          	slli	s0,s0,0x19
    1fe0:	408989b3          	sub	s3,s3,s0
    1fe4:	01a91913          	slli	s2,s2,0x1a
    1fe8:	04c12403          	lw	s0,76(sp)
    1fec:	01af9f93          	slli	t6,t6,0x1a
    1ff0:	019f1f13          	slli	t5,t5,0x19
    1ff4:	01a89893          	slli	a7,a7,0x1a
    1ff8:	412e8eb3          	sub	t4,t4,s2
    1ffc:	41e484b3          	sub	s1,s1,t5
    2000:	038585b3          	mul	a1,a1,s8
    2004:	01030833          	add	a6,t1,a6
    2008:	00e80733          	add	a4,a6,a4
    200c:	00683333          	sltu	t1,a6,t1
    2010:	00560633          	add	a2,a2,t0
    2014:	41f686b3          	sub	a3,a3,t6
    2018:	411383b3          	sub	t2,t2,a7
    201c:	01352623          	sw	s3,12(a0)
    2020:	00952e23          	sw	s1,28(a0)
    2024:	01d52423          	sw	t4,8(a0)
    2028:	0387bc33          	mulhu	s8,a5,s8
    202c:	01979793          	slli	a5,a5,0x19
    2030:	40fb8bb3          	sub	s7,s7,a5
    2034:	03752223          	sw	s7,36(a0)
    2038:	00c52a23          	sw	a2,20(a0)
    203c:	00d52c23          	sw	a3,24(a0)
    2040:	02752023          	sw	t2,32(a0)
    2044:	04812483          	lw	s1,72(sp)
    2048:	04412903          	lw	s2,68(sp)
    204c:	04012983          	lw	s3,64(sp)
    2050:	018585b3          	add	a1,a1,s8
    2054:	015585b3          	add	a1,a1,s5
    2058:	00b30333          	add	t1,t1,a1
    205c:	010735b3          	sltu	a1,a4,a6
    2060:	006585b3          	add	a1,a1,t1
    2064:	00659593          	slli	a1,a1,0x6
    2068:	01a75713          	srli	a4,a4,0x1a
    206c:	00e58733          	add	a4,a1,a4
    2070:	00ea0a33          	add	s4,s4,a4
    2074:	01a71593          	slli	a1,a4,0x1a
    2078:	01a29713          	slli	a4,t0,0x1a
    207c:	40eb0b33          	sub	s6,s6,a4
    2080:	40b80833          	sub	a6,a6,a1
    2084:	01452223          	sw	s4,4(a0)
    2088:	01652823          	sw	s6,16(a0)
    208c:	01052023          	sw	a6,0(a0)
    2090:	03c12a03          	lw	s4,60(sp)
    2094:	03812a83          	lw	s5,56(sp)
    2098:	03412b03          	lw	s6,52(sp)
    209c:	03012b83          	lw	s7,48(sp)
    20a0:	02c12c03          	lw	s8,44(sp)
    20a4:	02412d03          	lw	s10,36(sp)
    20a8:	05010113          	addi	sp,sp,80
    20ac:	00008067          	ret

000020b0 <scalar_bit>:
    20b0:	0205c063          	bltz	a1,20d0 <scalar_bit+0x20>
    20b4:	4035d793          	srai	a5,a1,0x3
    20b8:	00f50533          	add	a0,a0,a5
    20bc:	00054503          	lbu	a0,0(a0)
    20c0:	0075f593          	andi	a1,a1,7
    20c4:	40b55533          	sra	a0,a0,a1
    20c8:	00157513          	andi	a0,a0,1
    20cc:	00008067          	ret
    20d0:	00000513          	li	a0,0
    20d4:	00008067          	ret

000020d8 <multiply>:
    20d8:	00000893          	li	a7,0
    20dc:	02060f13          	addi	t5,a2,32
    20e0:	00800f93          	li	t6,8
    20e4:	00289e93          	slli	t4,a7,0x2
    20e8:	00060313          	mv	t1,a2
    20ec:	01d58eb3          	add	t4,a1,t4
    20f0:	00050813          	mv	a6,a0
    20f4:	00000713          	li	a4,0
    20f8:	000ea783          	lw	a5,0(t4)
    20fc:	00032e03          	lw	t3,0(t1)
    2100:	00430313          	addi	t1,t1,4
    2104:	00480813          	addi	a6,a6,4
    2108:	03c786b3          	mul	a3,a5,t3
    210c:	03c7be33          	mulhu	t3,a5,t3
    2110:	ffc82783          	lw	a5,-4(a6)
    2114:	00f687b3          	add	a5,a3,a5
    2118:	00e78733          	add	a4,a5,a4
    211c:	00d7b6b3          	sltu	a3,a5,a3
    2120:	fee82e23          	sw	a4,-4(a6)
    2124:	00f737b3          	sltu	a5,a4,a5
    2128:	01c686b3          	add	a3,a3,t3
    212c:	00d78733          	add	a4,a5,a3
    2130:	fc6f14e3          	bne	t5,t1,20f8 <multiply+0x20>
    2134:	02e52023          	sw	a4,32(a0)
    2138:	00188893          	addi	a7,a7,1
    213c:	00450513          	addi	a0,a0,4
    2140:	fbf892e3          	bne	a7,t6,20e4 <multiply+0xc>
    2144:	00008067          	ret

00002148 <is_above_l>:
    2148:	000055b7          	lui	a1,0x5
    214c:	00050893          	mv	a7,a0
    2150:	00000693          	li	a3,0
    2154:	00100513          	li	a0,1
    2158:	cc458593          	addi	a1,a1,-828 # 4cc4 <L>
    215c:	02000813          	li	a6,32
    2160:	00b687b3          	add	a5,a3,a1
    2164:	00d88733          	add	a4,a7,a3
    2168:	0007a783          	lw	a5,0(a5) # 1000000 <__bss_end+0xff8000>
    216c:	00072603          	lw	a2,0(a4) # 2000000 <__bss_end+0x1ff8000>
    2170:	00468693          	addi	a3,a3,4 # 1000004 <__bss_end+0xff8004>
    2174:	fff7c793          	not	a5,a5
    2178:	00c78633          	add	a2,a5,a2
    217c:	00f63733          	sltu	a4,a2,a5
    2180:	00a607b3          	add	a5,a2,a0
    2184:	00c7b7b3          	sltu	a5,a5,a2
    2188:	00e78533          	add	a0,a5,a4
    218c:	fd069ae3          	bne	a3,a6,2160 <is_above_l+0x18>
    2190:	00008067          	ret

00002194 <remove_l>:
    2194:	fe010113          	addi	sp,sp,-32
    2198:	00812c23          	sw	s0,24(sp)
    219c:	00050413          	mv	s0,a0
    21a0:	00058513          	mv	a0,a1
    21a4:	00b12623          	sw	a1,12(sp)
    21a8:	00112e23          	sw	ra,28(sp)
    21ac:	00000097          	auipc	ra,0x0
    21b0:	f9c080e7          	jalr	-100(ra) # 2148 <is_above_l>
    21b4:	00c12583          	lw	a1,12(sp)
    21b8:	00005637          	lui	a2,0x5
    21bc:	41f55813          	srai	a6,a0,0x1f
    21c0:	40a00333          	neg	t1,a0
    21c4:	00000693          	li	a3,0
    21c8:	cc460613          	addi	a2,a2,-828 # 4cc4 <L>
    21cc:	02000893          	li	a7,32
    21d0:	00c687b3          	add	a5,a3,a2
    21d4:	0007a783          	lw	a5,0(a5)
    21d8:	00d58733          	add	a4,a1,a3
    21dc:	00072703          	lw	a4,0(a4)
    21e0:	fff7c793          	not	a5,a5
    21e4:	0067f7b3          	and	a5,a5,t1
    21e8:	00e78733          	add	a4,a5,a4
    21ec:	00f737b3          	sltu	a5,a4,a5
    21f0:	00a70533          	add	a0,a4,a0
    21f4:	010787b3          	add	a5,a5,a6
    21f8:	00d40833          	add	a6,s0,a3
    21fc:	00a82023          	sw	a0,0(a6)
    2200:	00e53733          	sltu	a4,a0,a4
    2204:	00468693          	addi	a3,a3,4
    2208:	00f70533          	add	a0,a4,a5
    220c:	00000813          	li	a6,0
    2210:	fd1690e3          	bne	a3,a7,21d0 <remove_l+0x3c>
    2214:	01c12083          	lw	ra,28(sp)
    2218:	01812403          	lw	s0,24(sp)
    221c:	02010113          	addi	sp,sp,32
    2220:	00008067          	ret

00002224 <ge_zero>:
    2224:	ff010113          	addi	sp,sp,-16
    2228:	00112623          	sw	ra,12(sp)
    222c:	00812423          	sw	s0,8(sp)
    2230:	00050413          	mv	s0,a0
    2234:	ffffe097          	auipc	ra,0xffffe
    2238:	2e4080e7          	jalr	740(ra) # 518 <fe_0>
    223c:	02840513          	addi	a0,s0,40
    2240:	ffffe097          	auipc	ra,0xffffe
    2244:	2ec080e7          	jalr	748(ra) # 52c <fe_1>
    2248:	05040513          	addi	a0,s0,80
    224c:	ffffe097          	auipc	ra,0xffffe
    2250:	2e0080e7          	jalr	736(ra) # 52c <fe_1>
    2254:	07840513          	addi	a0,s0,120
    2258:	00812403          	lw	s0,8(sp)
    225c:	00c12083          	lw	ra,12(sp)
    2260:	01010113          	addi	sp,sp,16
    2264:	ffffe317          	auipc	t1,0xffffe
    2268:	2b430067          	jr	692(t1) # 518 <fe_0>

0000226c <ge_madd>:
    226c:	fc010113          	addi	sp,sp,-64
    2270:	02912a23          	sw	s1,52(sp)
    2274:	00058493          	mv	s1,a1
    2278:	02812c23          	sw	s0,56(sp)
    227c:	03212823          	sw	s2,48(sp)
    2280:	00050413          	mv	s0,a0
    2284:	00060913          	mv	s2,a2
    2288:	00068513          	mv	a0,a3
    228c:	02858593          	addi	a1,a1,40
    2290:	00048613          	mv	a2,s1
    2294:	02112e23          	sw	ra,60(sp)
    2298:	03312623          	sw	s3,44(sp)
    229c:	03412423          	sw	s4,40(sp)
    22a0:	00068993          	mv	s3,a3
    22a4:	00070a13          	mv	s4,a4
    22a8:	03512223          	sw	s5,36(sp)
    22ac:	03612023          	sw	s6,32(sp)
    22b0:	01712e23          	sw	s7,28(sp)
    22b4:	00b12623          	sw	a1,12(sp)
    22b8:	ffffe097          	auipc	ra,0xffffe
    22bc:	2bc080e7          	jalr	700(ra) # 574 <fe_add>
    22c0:	00c12583          	lw	a1,12(sp)
    22c4:	00048613          	mv	a2,s1
    22c8:	000a0513          	mv	a0,s4
    22cc:	ffffe097          	auipc	ra,0xffffe
    22d0:	2d8080e7          	jalr	728(ra) # 5a4 <fe_sub>
    22d4:	00090613          	mv	a2,s2
    22d8:	00098593          	mv	a1,s3
    22dc:	00098513          	mv	a0,s3
    22e0:	ffffe097          	auipc	ra,0xffffe
    22e4:	70c080e7          	jalr	1804(ra) # 9ec <fe_mul>
    22e8:	02890613          	addi	a2,s2,40
    22ec:	000a0593          	mv	a1,s4
    22f0:	000a0513          	mv	a0,s4
    22f4:	ffffe097          	auipc	ra,0xffffe
    22f8:	6f8080e7          	jalr	1784(ra) # 9ec <fe_mul>
    22fc:	000a0613          	mv	a2,s4
    2300:	00098593          	mv	a1,s3
    2304:	02840513          	addi	a0,s0,40
    2308:	ffffe097          	auipc	ra,0xffffe
    230c:	26c080e7          	jalr	620(ra) # 574 <fe_add>
    2310:	000a0613          	mv	a2,s4
    2314:	00098593          	mv	a1,s3
    2318:	00040513          	mv	a0,s0
    231c:	ffffe097          	auipc	ra,0xffffe
    2320:	288080e7          	jalr	648(ra) # 5a4 <fe_sub>
    2324:	05048613          	addi	a2,s1,80
    2328:	00060593          	mv	a1,a2
    232c:	05040513          	addi	a0,s0,80
    2330:	ffffe097          	auipc	ra,0xffffe
    2334:	244080e7          	jalr	580(ra) # 574 <fe_add>
    2338:	05090613          	addi	a2,s2,80
    233c:	07848593          	addi	a1,s1,120
    2340:	07840513          	addi	a0,s0,120
    2344:	ffffe097          	auipc	ra,0xffffe
    2348:	6a8080e7          	jalr	1704(ra) # 9ec <fe_mul>
    234c:	07840613          	addi	a2,s0,120
    2350:	05040593          	addi	a1,s0,80
    2354:	00098513          	mv	a0,s3
    2358:	ffffe097          	auipc	ra,0xffffe
    235c:	21c080e7          	jalr	540(ra) # 574 <fe_add>
    2360:	07840613          	addi	a2,s0,120
    2364:	05040593          	addi	a1,s0,80
    2368:	000a0513          	mv	a0,s4
    236c:	ffffe097          	auipc	ra,0xffffe
    2370:	238080e7          	jalr	568(ra) # 5a4 <fe_sub>
    2374:	02840613          	addi	a2,s0,40
    2378:	00040593          	mv	a1,s0
    237c:	07840513          	addi	a0,s0,120
    2380:	ffffe097          	auipc	ra,0xffffe
    2384:	66c080e7          	jalr	1644(ra) # 9ec <fe_mul>
    2388:	000a0613          	mv	a2,s4
    238c:	00040593          	mv	a1,s0
    2390:	00040513          	mv	a0,s0
    2394:	ffffe097          	auipc	ra,0xffffe
    2398:	658080e7          	jalr	1624(ra) # 9ec <fe_mul>
    239c:	02840593          	addi	a1,s0,40
    23a0:	00098613          	mv	a2,s3
    23a4:	00058513          	mv	a0,a1
    23a8:	ffffe097          	auipc	ra,0xffffe
    23ac:	644080e7          	jalr	1604(ra) # 9ec <fe_mul>
    23b0:	05040513          	addi	a0,s0,80
    23b4:	03812403          	lw	s0,56(sp)
    23b8:	03c12083          	lw	ra,60(sp)
    23bc:	03412483          	lw	s1,52(sp)
    23c0:	03012903          	lw	s2,48(sp)
    23c4:	02412a83          	lw	s5,36(sp)
    23c8:	02012b03          	lw	s6,32(sp)
    23cc:	01c12b83          	lw	s7,28(sp)
    23d0:	000a0613          	mv	a2,s4
    23d4:	00098593          	mv	a1,s3
    23d8:	02812a03          	lw	s4,40(sp)
    23dc:	02c12983          	lw	s3,44(sp)
    23e0:	04010113          	addi	sp,sp,64
    23e4:	ffffe317          	auipc	t1,0xffffe
    23e8:	60830067          	jr	1544(t1) # 9ec <fe_mul>

000023ec <ge_double>:
    23ec:	fe010113          	addi	sp,sp,-32
    23f0:	00912a23          	sw	s1,20(sp)
    23f4:	00050493          	mv	s1,a0
    23f8:	00060513          	mv	a0,a2
    23fc:	00112e23          	sw	ra,28(sp)
    2400:	00812c23          	sw	s0,24(sp)
    2404:	01212823          	sw	s2,16(sp)
    2408:	00060413          	mv	s0,a2
    240c:	01312623          	sw	s3,12(sp)
    2410:	01412423          	sw	s4,8(sp)
    2414:	01512223          	sw	s5,4(sp)
    2418:	01612023          	sw	s6,0(sp)
    241c:	00058913          	mv	s2,a1
    2420:	fffff097          	auipc	ra,0xfffff
    2424:	444080e7          	jalr	1092(ra) # 1864 <fe_sq>
    2428:	02890593          	addi	a1,s2,40
    242c:	02840513          	addi	a0,s0,40
    2430:	fffff097          	auipc	ra,0xfffff
    2434:	434080e7          	jalr	1076(ra) # 1864 <fe_sq>
    2438:	05090593          	addi	a1,s2,80
    243c:	05040513          	addi	a0,s0,80
    2440:	fffff097          	auipc	ra,0xfffff
    2444:	424080e7          	jalr	1060(ra) # 1864 <fe_sq>
    2448:	05040593          	addi	a1,s0,80
    244c:	05040513          	addi	a0,s0,80
    2450:	00200613          	li	a2,2
    2454:	ffffe097          	auipc	ra,0xffffe
    2458:	1f8080e7          	jalr	504(ra) # 64c <fe_mul_small>
    245c:	02890613          	addi	a2,s2,40
    2460:	00090593          	mv	a1,s2
    2464:	07840513          	addi	a0,s0,120
    2468:	ffffe097          	auipc	ra,0xffffe
    246c:	10c080e7          	jalr	268(ra) # 574 <fe_add>
    2470:	07840593          	addi	a1,s0,120
    2474:	07848513          	addi	a0,s1,120
    2478:	fffff097          	auipc	ra,0xfffff
    247c:	3ec080e7          	jalr	1004(ra) # 1864 <fe_sq>
    2480:	00040613          	mv	a2,s0
    2484:	02840593          	addi	a1,s0,40
    2488:	07840513          	addi	a0,s0,120
    248c:	ffffe097          	auipc	ra,0xffffe
    2490:	0e8080e7          	jalr	232(ra) # 574 <fe_add>
    2494:	00040613          	mv	a2,s0
    2498:	02840593          	addi	a1,s0,40
    249c:	02840513          	addi	a0,s0,40
    24a0:	ffffe097          	auipc	ra,0xffffe
    24a4:	104080e7          	jalr	260(ra) # 5a4 <fe_sub>
    24a8:	07840613          	addi	a2,s0,120
    24ac:	07848593          	addi	a1,s1,120
    24b0:	00040513          	mv	a0,s0
    24b4:	ffffe097          	auipc	ra,0xffffe
    24b8:	0f0080e7          	jalr	240(ra) # 5a4 <fe_sub>
    24bc:	02840613          	addi	a2,s0,40
    24c0:	05040593          	addi	a1,s0,80
    24c4:	05040513          	addi	a0,s0,80
    24c8:	ffffe097          	auipc	ra,0xffffe
    24cc:	0dc080e7          	jalr	220(ra) # 5a4 <fe_sub>
    24d0:	05040613          	addi	a2,s0,80
    24d4:	00040593          	mv	a1,s0
    24d8:	00048513          	mv	a0,s1
    24dc:	ffffe097          	auipc	ra,0xffffe
    24e0:	510080e7          	jalr	1296(ra) # 9ec <fe_mul>
    24e4:	02840613          	addi	a2,s0,40
    24e8:	07840593          	addi	a1,s0,120
    24ec:	02848513          	addi	a0,s1,40
    24f0:	ffffe097          	auipc	ra,0xffffe
    24f4:	4fc080e7          	jalr	1276(ra) # 9ec <fe_mul>
    24f8:	05040613          	addi	a2,s0,80
    24fc:	02840593          	addi	a1,s0,40
    2500:	05048513          	addi	a0,s1,80
    2504:	ffffe097          	auipc	ra,0xffffe
    2508:	4e8080e7          	jalr	1256(ra) # 9ec <fe_mul>
    250c:	07840613          	addi	a2,s0,120
    2510:	00040593          	mv	a1,s0
    2514:	01812403          	lw	s0,24(sp)
    2518:	01c12083          	lw	ra,28(sp)
    251c:	01012903          	lw	s2,16(sp)
    2520:	00c12983          	lw	s3,12(sp)
    2524:	00812a03          	lw	s4,8(sp)
    2528:	00412a83          	lw	s5,4(sp)
    252c:	00012b03          	lw	s6,0(sp)
    2530:	07848513          	addi	a0,s1,120
    2534:	01412483          	lw	s1,20(sp)
    2538:	02010113          	addi	sp,sp,32
    253c:	ffffe317          	auipc	t1,0xffffe
    2540:	4b030067          	jr	1200(t1) # 9ec <fe_mul>

00002544 <lookup_add>:
    2544:	fc010113          	addi	sp,sp,-64
    2548:	02912a23          	sw	s1,52(sp)
    254c:	01912a23          	sw	s9,20(sp)
    2550:	00058493          	mv	s1,a1
    2554:	00050c93          	mv	s9,a0
    2558:	00080593          	mv	a1,a6
    255c:	00078513          	mv	a0,a5
    2560:	02112e23          	sw	ra,60(sp)
    2564:	00e12623          	sw	a4,12(sp)
    2568:	02812c23          	sw	s0,56(sp)
    256c:	03212823          	sw	s2,48(sp)
    2570:	03312623          	sw	s3,44(sp)
    2574:	00078913          	mv	s2,a5
    2578:	00080993          	mv	s3,a6
    257c:	03412423          	sw	s4,40(sp)
    2580:	03512223          	sw	s5,36(sp)
    2584:	01712e23          	sw	s7,28(sp)
    2588:	01a12823          	sw	s10,16(sp)
    258c:	00060b93          	mv	s7,a2
    2590:	00068d13          	mv	s10,a3
    2594:	03612023          	sw	s6,32(sp)
    2598:	01812c23          	sw	s8,24(sp)
    259c:	00000097          	auipc	ra,0x0
    25a0:	b14080e7          	jalr	-1260(ra) # 20b0 <scalar_bit>
    25a4:	00050a13          	mv	s4,a0
    25a8:	02098593          	addi	a1,s3,32
    25ac:	00090513          	mv	a0,s2
    25b0:	00000097          	auipc	ra,0x0
    25b4:	b00080e7          	jalr	-1280(ra) # 20b0 <scalar_bit>
    25b8:	04098593          	addi	a1,s3,64
    25bc:	00050413          	mv	s0,a0
    25c0:	00090513          	mv	a0,s2
    25c4:	00000097          	auipc	ra,0x0
    25c8:	aec080e7          	jalr	-1300(ra) # 20b0 <scalar_bit>
    25cc:	00251513          	slli	a0,a0,0x2
    25d0:	00141413          	slli	s0,s0,0x1
    25d4:	00a40433          	add	s0,s0,a0
    25d8:	06098593          	addi	a1,s3,96
    25dc:	00090513          	mv	a0,s2
    25e0:	00000097          	auipc	ra,0x0
    25e4:	ad0080e7          	jalr	-1328(ra) # 20b0 <scalar_bit>
    25e8:	01440433          	add	s0,s0,s4
    25ec:	00351513          	slli	a0,a0,0x3
    25f0:	00a40533          	add	a0,s0,a0
    25f4:	0ff57513          	zext.b	a0,a0
    25f8:	00355913          	srli	s2,a0,0x3
    25fc:	fff90793          	addi	a5,s2,-1
    2600:	00c12983          	lw	s3,12(sp)
    2604:	00f54533          	xor	a0,a0,a5
    2608:	00757413          	andi	s0,a0,7
    260c:	00000a13          	li	s4,0
    2610:	00800a93          	li	s5,8
    2614:	01444633          	xor	a2,s0,s4
    2618:	fff60613          	addi	a2,a2,-1
    261c:	00865613          	srli	a2,a2,0x8
    2620:	00167613          	andi	a2,a2,1
    2624:	00098593          	mv	a1,s3
    2628:	00048513          	mv	a0,s1
    262c:	00c12623          	sw	a2,12(sp)
    2630:	ffffe097          	auipc	ra,0xffffe
    2634:	fe8080e7          	jalr	-24(ra) # 618 <fe_ccopy>
    2638:	00c12603          	lw	a2,12(sp)
    263c:	02898593          	addi	a1,s3,40
    2640:	02848513          	addi	a0,s1,40
    2644:	ffffe097          	auipc	ra,0xffffe
    2648:	fd4080e7          	jalr	-44(ra) # 618 <fe_ccopy>
    264c:	00c12603          	lw	a2,12(sp)
    2650:	05098593          	addi	a1,s3,80
    2654:	05048513          	addi	a0,s1,80
    2658:	001a0a13          	addi	s4,s4,1
    265c:	ffffe097          	auipc	ra,0xffffe
    2660:	fbc080e7          	jalr	-68(ra) # 618 <fe_ccopy>
    2664:	07898993          	addi	s3,s3,120
    2668:	fb5a16e3          	bne	s4,s5,2614 <lookup_add+0xd0>
    266c:	05048593          	addi	a1,s1,80
    2670:	000b8513          	mv	a0,s7
    2674:	ffffe097          	auipc	ra,0xffffe
    2678:	ed8080e7          	jalr	-296(ra) # 54c <fe_neg>
    267c:	00194613          	xori	a2,s2,1
    2680:	000b8593          	mv	a1,s7
    2684:	05048513          	addi	a0,s1,80
    2688:	00c12623          	sw	a2,12(sp)
    268c:	ffffe097          	auipc	ra,0xffffe
    2690:	f48080e7          	jalr	-184(ra) # 5d4 <fe_cswap>
    2694:	00c12603          	lw	a2,12(sp)
    2698:	02848593          	addi	a1,s1,40
    269c:	00048513          	mv	a0,s1
    26a0:	ffffe097          	auipc	ra,0xffffe
    26a4:	f34080e7          	jalr	-204(ra) # 5d4 <fe_cswap>
    26a8:	03812403          	lw	s0,56(sp)
    26ac:	03c12083          	lw	ra,60(sp)
    26b0:	03012903          	lw	s2,48(sp)
    26b4:	02c12983          	lw	s3,44(sp)
    26b8:	02812a03          	lw	s4,40(sp)
    26bc:	02412a83          	lw	s5,36(sp)
    26c0:	02012b03          	lw	s6,32(sp)
    26c4:	01812c03          	lw	s8,24(sp)
    26c8:	000d0713          	mv	a4,s10
    26cc:	000b8693          	mv	a3,s7
    26d0:	01012d03          	lw	s10,16(sp)
    26d4:	01c12b83          	lw	s7,28(sp)
    26d8:	00048613          	mv	a2,s1
    26dc:	000c8593          	mv	a1,s9
    26e0:	03412483          	lw	s1,52(sp)
    26e4:	000c8513          	mv	a0,s9
    26e8:	01412c83          	lw	s9,20(sp)
    26ec:	04010113          	addi	sp,sp,64
    26f0:	00000317          	auipc	t1,0x0
    26f4:	b7c30067          	jr	-1156(t1) # 226c <ge_madd>

000026f8 <crypto_verify32>:
    26f8:	ff010113          	addi	sp,sp,-16
    26fc:	00112623          	sw	ra,12(sp)
    2700:	ffffe097          	auipc	ra,0xffffe
    2704:	db4080e7          	jalr	-588(ra) # 4b4 <x32>
    2708:	00c12083          	lw	ra,12(sp)
    270c:	00a5e5b3          	or	a1,a1,a0
    2710:	0015b513          	seqz	a0,a1
    2714:	fff50513          	addi	a0,a0,-1
    2718:	01010113          	addi	sp,sp,16
    271c:	00008067          	ret

00002720 <crypto_wipe>:
    2720:	00000793          	li	a5,0
    2724:	00b79463          	bne	a5,a1,272c <crypto_wipe+0xc>
    2728:	00008067          	ret
    272c:	00f50733          	add	a4,a0,a5
    2730:	00070023          	sb	zero,0(a4)
    2734:	00178793          	addi	a5,a5,1
    2738:	fedff06f          	j	2724 <crypto_wipe+0x4>

0000273c <fe_tobytes>:
    273c:	fb010113          	addi	sp,sp,-80
    2740:	04812423          	sw	s0,72(sp)
    2744:	04912223          	sw	s1,68(sp)
    2748:	04112623          	sw	ra,76(sp)
    274c:	05212023          	sw	s2,64(sp)
    2750:	03312e23          	sw	s3,60(sp)
    2754:	00050413          	mv	s0,a0
    2758:	00000793          	li	a5,0
    275c:	00810493          	addi	s1,sp,8
    2760:	02800713          	li	a4,40
    2764:	00f58633          	add	a2,a1,a5
    2768:	00062603          	lw	a2,0(a2)
    276c:	00f486b3          	add	a3,s1,a5
    2770:	00478793          	addi	a5,a5,4
    2774:	00c6a023          	sw	a2,0(a3)
    2778:	fee796e3          	bne	a5,a4,2764 <fe_tobytes+0x28>
    277c:	02c12783          	lw	a5,44(sp)
    2780:	01300713          	li	a4,19
    2784:	00048693          	mv	a3,s1
    2788:	02e787b3          	mul	a5,a5,a4
    278c:	01000737          	lui	a4,0x1000
    2790:	00e787b3          	add	a5,a5,a4
    2794:	4197d793          	srai	a5,a5,0x19
    2798:	00048713          	mv	a4,s1
    279c:	0006a603          	lw	a2,0(a3)
    27a0:	00868693          	addi	a3,a3,8
    27a4:	00c787b3          	add	a5,a5,a2
    27a8:	ffc6a603          	lw	a2,-4(a3)
    27ac:	41a7d793          	srai	a5,a5,0x1a
    27b0:	00c787b3          	add	a5,a5,a2
    27b4:	03010613          	addi	a2,sp,48
    27b8:	4197d793          	srai	a5,a5,0x19
    27bc:	fed610e3          	bne	a2,a3,279c <fe_tobytes+0x60>
    27c0:	01300693          	li	a3,19
    27c4:	02d787b3          	mul	a5,a5,a3
    27c8:	00072683          	lw	a3,0(a4) # 1000000 <__bss_end+0xff8000>
    27cc:	00870713          	addi	a4,a4,8
    27d0:	00d787b3          	add	a5,a5,a3
    27d4:	41a7d693          	srai	a3,a5,0x1a
    27d8:	01a69613          	slli	a2,a3,0x1a
    27dc:	40c787b3          	sub	a5,a5,a2
    27e0:	fef72c23          	sw	a5,-8(a4)
    27e4:	ffc72783          	lw	a5,-4(a4)
    27e8:	00f686b3          	add	a3,a3,a5
    27ec:	4196d793          	srai	a5,a3,0x19
    27f0:	01979613          	slli	a2,a5,0x19
    27f4:	40c686b3          	sub	a3,a3,a2
    27f8:	fed72e23          	sw	a3,-4(a4)
    27fc:	03010693          	addi	a3,sp,48
    2800:	fce694e3          	bne	a3,a4,27c8 <fe_tobytes+0x8c>
    2804:	00c12903          	lw	s2,12(sp)
    2808:	00812783          	lw	a5,8(sp)
    280c:	00040513          	mv	a0,s0
    2810:	01a91593          	slli	a1,s2,0x1a
    2814:	00f5e5b3          	or	a1,a1,a5
    2818:	ffffe097          	auipc	ra,0xffffe
    281c:	b1c080e7          	jalr	-1252(ra) # 334 <store32_le>
    2820:	01012983          	lw	s3,16(sp)
    2824:	00695913          	srli	s2,s2,0x6
    2828:	00440513          	addi	a0,s0,4
    282c:	01399593          	slli	a1,s3,0x13
    2830:	00b965b3          	or	a1,s2,a1
    2834:	ffffe097          	auipc	ra,0xffffe
    2838:	b00080e7          	jalr	-1280(ra) # 334 <store32_le>
    283c:	01412903          	lw	s2,20(sp)
    2840:	00d9d993          	srli	s3,s3,0xd
    2844:	00840513          	addi	a0,s0,8
    2848:	00d91593          	slli	a1,s2,0xd
    284c:	00b9e5b3          	or	a1,s3,a1
    2850:	ffffe097          	auipc	ra,0xffffe
    2854:	ae4080e7          	jalr	-1308(ra) # 334 <store32_le>
    2858:	01812583          	lw	a1,24(sp)
    285c:	01395913          	srli	s2,s2,0x13
    2860:	00c40513          	addi	a0,s0,12
    2864:	00659593          	slli	a1,a1,0x6
    2868:	0125e5b3          	or	a1,a1,s2
    286c:	ffffe097          	auipc	ra,0xffffe
    2870:	ac8080e7          	jalr	-1336(ra) # 334 <store32_le>
    2874:	02012903          	lw	s2,32(sp)
    2878:	01c12783          	lw	a5,28(sp)
    287c:	01040513          	addi	a0,s0,16
    2880:	01991593          	slli	a1,s2,0x19
    2884:	00f5e5b3          	or	a1,a1,a5
    2888:	ffffe097          	auipc	ra,0xffffe
    288c:	aac080e7          	jalr	-1364(ra) # 334 <store32_le>
    2890:	02412983          	lw	s3,36(sp)
    2894:	00795913          	srli	s2,s2,0x7
    2898:	01440513          	addi	a0,s0,20
    289c:	01399593          	slli	a1,s3,0x13
    28a0:	00b965b3          	or	a1,s2,a1
    28a4:	ffffe097          	auipc	ra,0xffffe
    28a8:	a90080e7          	jalr	-1392(ra) # 334 <store32_le>
    28ac:	02812903          	lw	s2,40(sp)
    28b0:	00d9d993          	srli	s3,s3,0xd
    28b4:	01840513          	addi	a0,s0,24
    28b8:	00c91593          	slli	a1,s2,0xc
    28bc:	00b9e5b3          	or	a1,s3,a1
    28c0:	ffffe097          	auipc	ra,0xffffe
    28c4:	a74080e7          	jalr	-1420(ra) # 334 <store32_le>
    28c8:	02c12583          	lw	a1,44(sp)
    28cc:	01495913          	srli	s2,s2,0x14
    28d0:	01c40513          	addi	a0,s0,28
    28d4:	00659593          	slli	a1,a1,0x6
    28d8:	0125e5b3          	or	a1,a1,s2
    28dc:	ffffe097          	auipc	ra,0xffffe
    28e0:	a58080e7          	jalr	-1448(ra) # 334 <store32_le>
    28e4:	00048513          	mv	a0,s1
    28e8:	02800593          	li	a1,40
    28ec:	00000097          	auipc	ra,0x0
    28f0:	e34080e7          	jalr	-460(ra) # 2720 <crypto_wipe>
    28f4:	04c12083          	lw	ra,76(sp)
    28f8:	04812403          	lw	s0,72(sp)
    28fc:	04412483          	lw	s1,68(sp)
    2900:	04012903          	lw	s2,64(sp)
    2904:	03c12983          	lw	s3,60(sp)
    2908:	05010113          	addi	sp,sp,80
    290c:	00008067          	ret

00002910 <fe_isequal>:
    2910:	fb010113          	addi	sp,sp,-80
    2914:	04812423          	sw	s0,72(sp)
    2918:	00058413          	mv	s0,a1
    291c:	00050593          	mv	a1,a0
    2920:	00010513          	mv	a0,sp
    2924:	04112623          	sw	ra,76(sp)
    2928:	00000097          	auipc	ra,0x0
    292c:	e14080e7          	jalr	-492(ra) # 273c <fe_tobytes>
    2930:	00040593          	mv	a1,s0
    2934:	02010513          	addi	a0,sp,32
    2938:	00000097          	auipc	ra,0x0
    293c:	e04080e7          	jalr	-508(ra) # 273c <fe_tobytes>
    2940:	02010593          	addi	a1,sp,32
    2944:	00010513          	mv	a0,sp
    2948:	00000097          	auipc	ra,0x0
    294c:	db0080e7          	jalr	-592(ra) # 26f8 <crypto_verify32>
    2950:	00050413          	mv	s0,a0
    2954:	02000593          	li	a1,32
    2958:	00010513          	mv	a0,sp
    295c:	00000097          	auipc	ra,0x0
    2960:	dc4080e7          	jalr	-572(ra) # 2720 <crypto_wipe>
    2964:	02000593          	li	a1,32
    2968:	00b10533          	add	a0,sp,a1
    296c:	00000097          	auipc	ra,0x0
    2970:	db4080e7          	jalr	-588(ra) # 2720 <crypto_wipe>
    2974:	04c12083          	lw	ra,76(sp)
    2978:	00140513          	addi	a0,s0,1
    297c:	04812403          	lw	s0,72(sp)
    2980:	05010113          	addi	sp,sp,80
    2984:	00008067          	ret

00002988 <invsqrt>:
    2988:	f6010113          	addi	sp,sp,-160
    298c:	09212823          	sw	s2,144(sp)
    2990:	00050913          	mv	s2,a0
    2994:	00810513          	addi	a0,sp,8
    2998:	08112e23          	sw	ra,156(sp)
    299c:	08812c23          	sw	s0,152(sp)
    29a0:	08912a23          	sw	s1,148(sp)
    29a4:	09312623          	sw	s3,140(sp)
    29a8:	00058493          	mv	s1,a1
    29ac:	09412423          	sw	s4,136(sp)
    29b0:	09512223          	sw	s5,132(sp)
    29b4:	fffff097          	auipc	ra,0xfffff
    29b8:	eb0080e7          	jalr	-336(ra) # 1864 <fe_sq>
    29bc:	00810593          	addi	a1,sp,8
    29c0:	03010513          	addi	a0,sp,48
    29c4:	fffff097          	auipc	ra,0xfffff
    29c8:	ea0080e7          	jalr	-352(ra) # 1864 <fe_sq>
    29cc:	03010593          	addi	a1,sp,48
    29d0:	00058513          	mv	a0,a1
    29d4:	fffff097          	auipc	ra,0xfffff
    29d8:	e90080e7          	jalr	-368(ra) # 1864 <fe_sq>
    29dc:	03010613          	addi	a2,sp,48
    29e0:	00060513          	mv	a0,a2
    29e4:	00048593          	mv	a1,s1
    29e8:	ffffe097          	auipc	ra,0xffffe
    29ec:	004080e7          	jalr	4(ra) # 9ec <fe_mul>
    29f0:	00810593          	addi	a1,sp,8
    29f4:	03010613          	addi	a2,sp,48
    29f8:	00058513          	mv	a0,a1
    29fc:	ffffe097          	auipc	ra,0xffffe
    2a00:	ff0080e7          	jalr	-16(ra) # 9ec <fe_mul>
    2a04:	00810593          	addi	a1,sp,8
    2a08:	00058513          	mv	a0,a1
    2a0c:	fffff097          	auipc	ra,0xfffff
    2a10:	e58080e7          	jalr	-424(ra) # 1864 <fe_sq>
    2a14:	00810613          	addi	a2,sp,8
    2a18:	00060513          	mv	a0,a2
    2a1c:	03010593          	addi	a1,sp,48
    2a20:	ffffe097          	auipc	ra,0xffffe
    2a24:	fcc080e7          	jalr	-52(ra) # 9ec <fe_mul>
    2a28:	00810593          	addi	a1,sp,8
    2a2c:	03010513          	addi	a0,sp,48
    2a30:	fffff097          	auipc	ra,0xfffff
    2a34:	e34080e7          	jalr	-460(ra) # 1864 <fe_sq>
    2a38:	00400413          	li	s0,4
    2a3c:	03010593          	addi	a1,sp,48
    2a40:	00058513          	mv	a0,a1
    2a44:	fff40413          	addi	s0,s0,-1
    2a48:	fffff097          	auipc	ra,0xfffff
    2a4c:	e1c080e7          	jalr	-484(ra) # 1864 <fe_sq>
    2a50:	fe0416e3          	bnez	s0,2a3c <invsqrt+0xb4>
    2a54:	00810613          	addi	a2,sp,8
    2a58:	00060513          	mv	a0,a2
    2a5c:	03010593          	addi	a1,sp,48
    2a60:	ffffe097          	auipc	ra,0xffffe
    2a64:	f8c080e7          	jalr	-116(ra) # 9ec <fe_mul>
    2a68:	00810593          	addi	a1,sp,8
    2a6c:	03010513          	addi	a0,sp,48
    2a70:	fffff097          	auipc	ra,0xfffff
    2a74:	df4080e7          	jalr	-524(ra) # 1864 <fe_sq>
    2a78:	00900413          	li	s0,9
    2a7c:	03010593          	addi	a1,sp,48
    2a80:	00058513          	mv	a0,a1
    2a84:	fff40413          	addi	s0,s0,-1
    2a88:	fffff097          	auipc	ra,0xfffff
    2a8c:	ddc080e7          	jalr	-548(ra) # 1864 <fe_sq>
    2a90:	fe0416e3          	bnez	s0,2a7c <invsqrt+0xf4>
    2a94:	03010593          	addi	a1,sp,48
    2a98:	00058513          	mv	a0,a1
    2a9c:	00810613          	addi	a2,sp,8
    2aa0:	ffffe097          	auipc	ra,0xffffe
    2aa4:	f4c080e7          	jalr	-180(ra) # 9ec <fe_mul>
    2aa8:	03010593          	addi	a1,sp,48
    2aac:	05810513          	addi	a0,sp,88
    2ab0:	fffff097          	auipc	ra,0xfffff
    2ab4:	db4080e7          	jalr	-588(ra) # 1864 <fe_sq>
    2ab8:	01300413          	li	s0,19
    2abc:	05810593          	addi	a1,sp,88
    2ac0:	00058513          	mv	a0,a1
    2ac4:	fff40413          	addi	s0,s0,-1
    2ac8:	fffff097          	auipc	ra,0xfffff
    2acc:	d9c080e7          	jalr	-612(ra) # 1864 <fe_sq>
    2ad0:	fe0416e3          	bnez	s0,2abc <invsqrt+0x134>
    2ad4:	03010613          	addi	a2,sp,48
    2ad8:	00060513          	mv	a0,a2
    2adc:	05810593          	addi	a1,sp,88
    2ae0:	ffffe097          	auipc	ra,0xffffe
    2ae4:	f0c080e7          	jalr	-244(ra) # 9ec <fe_mul>
    2ae8:	03010593          	addi	a1,sp,48
    2aec:	00058513          	mv	a0,a1
    2af0:	fffff097          	auipc	ra,0xfffff
    2af4:	d74080e7          	jalr	-652(ra) # 1864 <fe_sq>
    2af8:	00900413          	li	s0,9
    2afc:	03010593          	addi	a1,sp,48
    2b00:	00058513          	mv	a0,a1
    2b04:	fff40413          	addi	s0,s0,-1
    2b08:	fffff097          	auipc	ra,0xfffff
    2b0c:	d5c080e7          	jalr	-676(ra) # 1864 <fe_sq>
    2b10:	fe0416e3          	bnez	s0,2afc <invsqrt+0x174>
    2b14:	00810613          	addi	a2,sp,8
    2b18:	00060513          	mv	a0,a2
    2b1c:	03010593          	addi	a1,sp,48
    2b20:	ffffe097          	auipc	ra,0xffffe
    2b24:	ecc080e7          	jalr	-308(ra) # 9ec <fe_mul>
    2b28:	00810593          	addi	a1,sp,8
    2b2c:	03010513          	addi	a0,sp,48
    2b30:	fffff097          	auipc	ra,0xfffff
    2b34:	d34080e7          	jalr	-716(ra) # 1864 <fe_sq>
    2b38:	03100413          	li	s0,49
    2b3c:	03010593          	addi	a1,sp,48
    2b40:	00058513          	mv	a0,a1
    2b44:	fff40413          	addi	s0,s0,-1
    2b48:	fffff097          	auipc	ra,0xfffff
    2b4c:	d1c080e7          	jalr	-740(ra) # 1864 <fe_sq>
    2b50:	fe0416e3          	bnez	s0,2b3c <invsqrt+0x1b4>
    2b54:	03010593          	addi	a1,sp,48
    2b58:	00058513          	mv	a0,a1
    2b5c:	00810613          	addi	a2,sp,8
    2b60:	ffffe097          	auipc	ra,0xffffe
    2b64:	e8c080e7          	jalr	-372(ra) # 9ec <fe_mul>
    2b68:	03010593          	addi	a1,sp,48
    2b6c:	05810513          	addi	a0,sp,88
    2b70:	fffff097          	auipc	ra,0xfffff
    2b74:	cf4080e7          	jalr	-780(ra) # 1864 <fe_sq>
    2b78:	06300413          	li	s0,99
    2b7c:	05810593          	addi	a1,sp,88
    2b80:	00058513          	mv	a0,a1
    2b84:	fff40413          	addi	s0,s0,-1
    2b88:	fffff097          	auipc	ra,0xfffff
    2b8c:	cdc080e7          	jalr	-804(ra) # 1864 <fe_sq>
    2b90:	fe0416e3          	bnez	s0,2b7c <invsqrt+0x1f4>
    2b94:	03010613          	addi	a2,sp,48
    2b98:	00060513          	mv	a0,a2
    2b9c:	05810593          	addi	a1,sp,88
    2ba0:	ffffe097          	auipc	ra,0xffffe
    2ba4:	e4c080e7          	jalr	-436(ra) # 9ec <fe_mul>
    2ba8:	03010593          	addi	a1,sp,48
    2bac:	00058513          	mv	a0,a1
    2bb0:	fffff097          	auipc	ra,0xfffff
    2bb4:	cb4080e7          	jalr	-844(ra) # 1864 <fe_sq>
    2bb8:	03100413          	li	s0,49
    2bbc:	03010593          	addi	a1,sp,48
    2bc0:	00058513          	mv	a0,a1
    2bc4:	fff40413          	addi	s0,s0,-1
    2bc8:	fffff097          	auipc	ra,0xfffff
    2bcc:	c9c080e7          	jalr	-868(ra) # 1864 <fe_sq>
    2bd0:	fe0416e3          	bnez	s0,2bbc <invsqrt+0x234>
    2bd4:	00810613          	addi	a2,sp,8
    2bd8:	00060513          	mv	a0,a2
    2bdc:	03010593          	addi	a1,sp,48
    2be0:	ffffe097          	auipc	ra,0xffffe
    2be4:	e0c080e7          	jalr	-500(ra) # 9ec <fe_mul>
    2be8:	00810593          	addi	a1,sp,8
    2bec:	00058513          	mv	a0,a1
    2bf0:	fffff097          	auipc	ra,0xfffff
    2bf4:	c74080e7          	jalr	-908(ra) # 1864 <fe_sq>
    2bf8:	00810593          	addi	a1,sp,8
    2bfc:	00058513          	mv	a0,a1
    2c00:	fffff097          	auipc	ra,0xfffff
    2c04:	c64080e7          	jalr	-924(ra) # 1864 <fe_sq>
    2c08:	00810593          	addi	a1,sp,8
    2c0c:	00048613          	mv	a2,s1
    2c10:	00058513          	mv	a0,a1
    2c14:	ffffe097          	auipc	ra,0xffffe
    2c18:	dd8080e7          	jalr	-552(ra) # 9ec <fe_mul>
    2c1c:	00810593          	addi	a1,sp,8
    2c20:	03010513          	addi	a0,sp,48
    2c24:	fffff097          	auipc	ra,0xfffff
    2c28:	c40080e7          	jalr	-960(ra) # 1864 <fe_sq>
    2c2c:	03010593          	addi	a1,sp,48
    2c30:	00048613          	mv	a2,s1
    2c34:	00058513          	mv	a0,a1
    2c38:	ffffe097          	auipc	ra,0xffffe
    2c3c:	db4080e7          	jalr	-588(ra) # 9ec <fe_mul>
    2c40:	05810513          	addi	a0,sp,88
    2c44:	ffffe097          	auipc	ra,0xffffe
    2c48:	8d4080e7          	jalr	-1836(ra) # 518 <fe_0>
    2c4c:	05810593          	addi	a1,sp,88
    2c50:	00048513          	mv	a0,s1
    2c54:	00000097          	auipc	ra,0x0
    2c58:	cbc080e7          	jalr	-836(ra) # 2910 <fe_isequal>
    2c5c:	00050993          	mv	s3,a0
    2c60:	05810513          	addi	a0,sp,88
    2c64:	ffffe097          	auipc	ra,0xffffe
    2c68:	8c8080e7          	jalr	-1848(ra) # 52c <fe_1>
    2c6c:	05810593          	addi	a1,sp,88
    2c70:	03010513          	addi	a0,sp,48
    2c74:	00000097          	auipc	ra,0x0
    2c78:	c9c080e7          	jalr	-868(ra) # 2910 <fe_isequal>
    2c7c:	05810593          	addi	a1,sp,88
    2c80:	00050a13          	mv	s4,a0
    2c84:	00058513          	mv	a0,a1
    2c88:	ffffe097          	auipc	ra,0xffffe
    2c8c:	8c4080e7          	jalr	-1852(ra) # 54c <fe_neg>
    2c90:	05810593          	addi	a1,sp,88
    2c94:	03010513          	addi	a0,sp,48
    2c98:	00000097          	auipc	ra,0x0
    2c9c:	c78080e7          	jalr	-904(ra) # 2910 <fe_isequal>
    2ca0:	000054b7          	lui	s1,0x5
    2ca4:	00050413          	mv	s0,a0
    2ca8:	ce448593          	addi	a1,s1,-796 # 4ce4 <sqrtm1>
    2cac:	05810513          	addi	a0,sp,88
    2cb0:	ffffe097          	auipc	ra,0xffffe
    2cb4:	89c080e7          	jalr	-1892(ra) # 54c <fe_neg>
    2cb8:	05810593          	addi	a1,sp,88
    2cbc:	03010513          	addi	a0,sp,48
    2cc0:	00000097          	auipc	ra,0x0
    2cc4:	c50080e7          	jalr	-944(ra) # 2910 <fe_isequal>
    2cc8:	00050a93          	mv	s5,a0
    2ccc:	ce448613          	addi	a2,s1,-796
    2cd0:	00810593          	addi	a1,sp,8
    2cd4:	00090513          	mv	a0,s2
    2cd8:	ffffe097          	auipc	ra,0xffffe
    2cdc:	d14080e7          	jalr	-748(ra) # 9ec <fe_mul>
    2ce0:	01546633          	or	a2,s0,s5
    2ce4:	00164613          	xori	a2,a2,1
    2ce8:	00810593          	addi	a1,sp,8
    2cec:	00090513          	mv	a0,s2
    2cf0:	ffffe097          	auipc	ra,0xffffe
    2cf4:	928080e7          	jalr	-1752(ra) # 618 <fe_ccopy>
    2cf8:	00810513          	addi	a0,sp,8
    2cfc:	02800593          	li	a1,40
    2d00:	00000097          	auipc	ra,0x0
    2d04:	a20080e7          	jalr	-1504(ra) # 2720 <crypto_wipe>
    2d08:	03010513          	addi	a0,sp,48
    2d0c:	02800593          	li	a1,40
    2d10:	00000097          	auipc	ra,0x0
    2d14:	a10080e7          	jalr	-1520(ra) # 2720 <crypto_wipe>
    2d18:	05810513          	addi	a0,sp,88
    2d1c:	02800593          	li	a1,40
    2d20:	00000097          	auipc	ra,0x0
    2d24:	a00080e7          	jalr	-1536(ra) # 2720 <crypto_wipe>
    2d28:	0149e533          	or	a0,s3,s4
    2d2c:	09c12083          	lw	ra,156(sp)
    2d30:	00856533          	or	a0,a0,s0
    2d34:	09812403          	lw	s0,152(sp)
    2d38:	09412483          	lw	s1,148(sp)
    2d3c:	09012903          	lw	s2,144(sp)
    2d40:	08c12983          	lw	s3,140(sp)
    2d44:	08812a03          	lw	s4,136(sp)
    2d48:	08412a83          	lw	s5,132(sp)
    2d4c:	0a010113          	addi	sp,sp,160
    2d50:	00008067          	ret

00002d54 <fe_invert>:
    2d54:	fb010113          	addi	sp,sp,-80
    2d58:	04812423          	sw	s0,72(sp)
    2d5c:	00050413          	mv	s0,a0
    2d60:	01810513          	addi	a0,sp,24
    2d64:	04112623          	sw	ra,76(sp)
    2d68:	00b12623          	sw	a1,12(sp)
    2d6c:	fffff097          	auipc	ra,0xfffff
    2d70:	af8080e7          	jalr	-1288(ra) # 1864 <fe_sq>
    2d74:	01810593          	addi	a1,sp,24
    2d78:	00058513          	mv	a0,a1
    2d7c:	00000097          	auipc	ra,0x0
    2d80:	c0c080e7          	jalr	-1012(ra) # 2988 <invsqrt>
    2d84:	01810593          	addi	a1,sp,24
    2d88:	00058513          	mv	a0,a1
    2d8c:	fffff097          	auipc	ra,0xfffff
    2d90:	ad8080e7          	jalr	-1320(ra) # 1864 <fe_sq>
    2d94:	00c12603          	lw	a2,12(sp)
    2d98:	01810593          	addi	a1,sp,24
    2d9c:	00040513          	mv	a0,s0
    2da0:	ffffe097          	auipc	ra,0xffffe
    2da4:	c4c080e7          	jalr	-948(ra) # 9ec <fe_mul>
    2da8:	01810513          	addi	a0,sp,24
    2dac:	02800593          	li	a1,40
    2db0:	00000097          	auipc	ra,0x0
    2db4:	970080e7          	jalr	-1680(ra) # 2720 <crypto_wipe>
    2db8:	04c12083          	lw	ra,76(sp)
    2dbc:	04812403          	lw	s0,72(sp)
    2dc0:	05010113          	addi	sp,sp,80
    2dc4:	00008067          	ret

00002dc8 <mod_l>:
    2dc8:	f8010113          	addi	sp,sp,-128
    2dcc:	06812c23          	sw	s0,120(sp)
    2dd0:	06912a23          	sw	s1,116(sp)
    2dd4:	00058413          	mv	s0,a1
    2dd8:	00050493          	mv	s1,a0
    2ddc:	00000593          	li	a1,0
    2de0:	06400613          	li	a2,100
    2de4:	00c10513          	addi	a0,sp,12
    2de8:	06112e23          	sw	ra,124(sp)
    2dec:	00001097          	auipc	ra,0x1
    2df0:	6a0080e7          	jalr	1696(ra) # 448c <memset>
    2df4:	00004537          	lui	a0,0x4
    2df8:	00c10593          	addi	a1,sp,12
    2dfc:	52050513          	addi	a0,a0,1312 # 4520 <r.6>
    2e00:	00058893          	mv	a7,a1
    2e04:	00000e93          	li	t4,0
    2e08:	04040f93          	addi	t6,s0,64
    2e0c:	00900293          	li	t0,9
    2e10:	00052f03          	lw	t5,0(a0)
    2e14:	00040613          	mv	a2,s0
    2e18:	00040313          	mv	t1,s0
    2e1c:	00088813          	mv	a6,a7
    2e20:	00000713          	li	a4,0
    2e24:	00032783          	lw	a5,0(t1)
    2e28:	00430313          	addi	t1,t1,4
    2e2c:	00480813          	addi	a6,a6,4
    2e30:	03e786b3          	mul	a3,a5,t5
    2e34:	03e7be33          	mulhu	t3,a5,t5
    2e38:	ffc82783          	lw	a5,-4(a6)
    2e3c:	00f687b3          	add	a5,a3,a5
    2e40:	00e78733          	add	a4,a5,a4
    2e44:	00d7b6b3          	sltu	a3,a5,a3
    2e48:	fee82e23          	sw	a4,-4(a6)
    2e4c:	00f737b3          	sltu	a5,a4,a5
    2e50:	01c686b3          	add	a3,a3,t3
    2e54:	00d78733          	add	a4,a5,a3
    2e58:	fdf316e3          	bne	t1,t6,2e24 <mod_l+0x5c>
    2e5c:	04e8a023          	sw	a4,64(a7)
    2e60:	001e8e93          	addi	t4,t4,1
    2e64:	00450513          	addi	a0,a0,4
    2e68:	00488893          	addi	a7,a7,4
    2e6c:	fa5e92e3          	bne	t4,t0,2e10 <mod_l+0x48>
    2e70:	00012623          	sw	zero,12(sp)
    2e74:	00012823          	sw	zero,16(sp)
    2e78:	00012a23          	sw	zero,20(sp)
    2e7c:	00012c23          	sw	zero,24(sp)
    2e80:	00012e23          	sw	zero,28(sp)
    2e84:	02012023          	sw	zero,32(sp)
    2e88:	02012223          	sw	zero,36(sp)
    2e8c:	02012423          	sw	zero,40(sp)
    2e90:	00c10893          	addi	a7,sp,12
    2e94:	00000513          	li	a0,0
    2e98:	000053b7          	lui	t2,0x5
    2e9c:	00800f13          	li	t5,8
    2ea0:	0408af83          	lw	t6,64(a7)
    2ea4:	cc438e93          	addi	t4,t2,-828 # 4cc4 <L>
    2ea8:	00088813          	mv	a6,a7
    2eac:	00000e13          	li	t3,0
    2eb0:	00000693          	li	a3,0
    2eb4:	40af02b3          	sub	t0,t5,a0
    2eb8:	000ea783          	lw	a5,0(t4)
    2ebc:	001e0e13          	addi	t3,t3,1
    2ec0:	00480813          	addi	a6,a6,4
    2ec4:	03f78733          	mul	a4,a5,t6
    2ec8:	004e8e93          	addi	t4,t4,4
    2ecc:	03f7b333          	mulhu	t1,a5,t6
    2ed0:	ffc82783          	lw	a5,-4(a6)
    2ed4:	00f707b3          	add	a5,a4,a5
    2ed8:	00d786b3          	add	a3,a5,a3
    2edc:	00e7b733          	sltu	a4,a5,a4
    2ee0:	fed82e23          	sw	a3,-4(a6)
    2ee4:	00f6b7b3          	sltu	a5,a3,a5
    2ee8:	00670733          	add	a4,a4,t1
    2eec:	00e786b3          	add	a3,a5,a4
    2ef0:	fdc294e3          	bne	t0,t3,2eb8 <mod_l+0xf0>
    2ef4:	00150513          	addi	a0,a0,1
    2ef8:	00488893          	addi	a7,a7,4
    2efc:	fbe512e3          	bne	a0,t5,2ea0 <mod_l+0xd8>
    2f00:	02040413          	addi	s0,s0,32
    2f04:	00100693          	li	a3,1
    2f08:	0005a703          	lw	a4,0(a1)
    2f0c:	00062783          	lw	a5,0(a2)
    2f10:	00460613          	addi	a2,a2,4
    2f14:	fff74713          	not	a4,a4
    2f18:	00f707b3          	add	a5,a4,a5
    2f1c:	00d786b3          	add	a3,a5,a3
    2f20:	00e7b733          	sltu	a4,a5,a4
    2f24:	00d5a023          	sw	a3,0(a1)
    2f28:	00f6b7b3          	sltu	a5,a3,a5
    2f2c:	00e786b3          	add	a3,a5,a4
    2f30:	00458593          	addi	a1,a1,4
    2f34:	fcc41ae3          	bne	s0,a2,2f08 <mod_l+0x140>
    2f38:	00c10593          	addi	a1,sp,12
    2f3c:	00058513          	mv	a0,a1
    2f40:	fffff097          	auipc	ra,0xfffff
    2f44:	254080e7          	jalr	596(ra) # 2194 <remove_l>
    2f48:	00c10593          	addi	a1,sp,12
    2f4c:	00048513          	mv	a0,s1
    2f50:	00800613          	li	a2,8
    2f54:	ffffd097          	auipc	ra,0xffffd
    2f58:	45c080e7          	jalr	1116(ra) # 3b0 <store32_le_buf>
    2f5c:	00c10513          	addi	a0,sp,12
    2f60:	06400593          	li	a1,100
    2f64:	fffff097          	auipc	ra,0xfffff
    2f68:	7bc080e7          	jalr	1980(ra) # 2720 <crypto_wipe>
    2f6c:	07c12083          	lw	ra,124(sp)
    2f70:	07812403          	lw	s0,120(sp)
    2f74:	07412483          	lw	s1,116(sp)
    2f78:	08010113          	addi	sp,sp,128
    2f7c:	00008067          	ret

00002f80 <fe_isodd>:
    2f80:	fd010113          	addi	sp,sp,-48
    2f84:	00050593          	mv	a1,a0
    2f88:	00010513          	mv	a0,sp
    2f8c:	02112623          	sw	ra,44(sp)
    2f90:	02812423          	sw	s0,40(sp)
    2f94:	fffff097          	auipc	ra,0xfffff
    2f98:	7a8080e7          	jalr	1960(ra) # 273c <fe_tobytes>
    2f9c:	00014783          	lbu	a5,0(sp)
    2fa0:	00010513          	mv	a0,sp
    2fa4:	02000593          	li	a1,32
    2fa8:	0017f413          	andi	s0,a5,1
    2fac:	fffff097          	auipc	ra,0xfffff
    2fb0:	774080e7          	jalr	1908(ra) # 2720 <crypto_wipe>
    2fb4:	02c12083          	lw	ra,44(sp)
    2fb8:	00040513          	mv	a0,s0
    2fbc:	02812403          	lw	s0,40(sp)
    2fc0:	03010113          	addi	sp,sp,48
    2fc4:	00008067          	ret

00002fc8 <ge_tobytes>:
    2fc8:	f7010113          	addi	sp,sp,-144
    2fcc:	08812423          	sw	s0,136(sp)
    2fd0:	08912223          	sw	s1,132(sp)
    2fd4:	00050413          	mv	s0,a0
    2fd8:	00058493          	mv	s1,a1
    2fdc:	00810513          	addi	a0,sp,8
    2fe0:	05058593          	addi	a1,a1,80
    2fe4:	08112623          	sw	ra,140(sp)
    2fe8:	00000097          	auipc	ra,0x0
    2fec:	d6c080e7          	jalr	-660(ra) # 2d54 <fe_invert>
    2ff0:	00810613          	addi	a2,sp,8
    2ff4:	00048593          	mv	a1,s1
    2ff8:	03010513          	addi	a0,sp,48
    2ffc:	ffffe097          	auipc	ra,0xffffe
    3000:	9f0080e7          	jalr	-1552(ra) # 9ec <fe_mul>
    3004:	00810613          	addi	a2,sp,8
    3008:	02848593          	addi	a1,s1,40
    300c:	05810513          	addi	a0,sp,88
    3010:	ffffe097          	auipc	ra,0xffffe
    3014:	9dc080e7          	jalr	-1572(ra) # 9ec <fe_mul>
    3018:	05810593          	addi	a1,sp,88
    301c:	00040513          	mv	a0,s0
    3020:	fffff097          	auipc	ra,0xfffff
    3024:	71c080e7          	jalr	1820(ra) # 273c <fe_tobytes>
    3028:	03010513          	addi	a0,sp,48
    302c:	00000097          	auipc	ra,0x0
    3030:	f54080e7          	jalr	-172(ra) # 2f80 <fe_isodd>
    3034:	01f44783          	lbu	a5,31(s0)
    3038:	00751513          	slli	a0,a0,0x7
    303c:	02800593          	li	a1,40
    3040:	00a7c7b3          	xor	a5,a5,a0
    3044:	00f40fa3          	sb	a5,31(s0)
    3048:	00810513          	addi	a0,sp,8
    304c:	fffff097          	auipc	ra,0xfffff
    3050:	6d4080e7          	jalr	1748(ra) # 2720 <crypto_wipe>
    3054:	03010513          	addi	a0,sp,48
    3058:	02800593          	li	a1,40
    305c:	fffff097          	auipc	ra,0xfffff
    3060:	6c4080e7          	jalr	1732(ra) # 2720 <crypto_wipe>
    3064:	05810513          	addi	a0,sp,88
    3068:	02800593          	li	a1,40
    306c:	fffff097          	auipc	ra,0xfffff
    3070:	6b4080e7          	jalr	1716(ra) # 2720 <crypto_wipe>
    3074:	08c12083          	lw	ra,140(sp)
    3078:	08812403          	lw	s0,136(sp)
    307c:	08412483          	lw	s1,132(sp)
    3080:	09010113          	addi	sp,sp,144
    3084:	00008067          	ret

00003088 <crypto_eddsa_trim_scalar>:
    3088:	00000793          	li	a5,0
    308c:	02000713          	li	a4,32
    3090:	00f586b3          	add	a3,a1,a5
    3094:	0006c603          	lbu	a2,0(a3)
    3098:	00f506b3          	add	a3,a0,a5
    309c:	00178793          	addi	a5,a5,1
    30a0:	00c68023          	sb	a2,0(a3)
    30a4:	fee796e3          	bne	a5,a4,3090 <crypto_eddsa_trim_scalar+0x8>
    30a8:	00054783          	lbu	a5,0(a0)
    30ac:	ff87f793          	andi	a5,a5,-8
    30b0:	00f50023          	sb	a5,0(a0)
    30b4:	01f54783          	lbu	a5,31(a0)
    30b8:	07f7f793          	andi	a5,a5,127
    30bc:	0407e793          	ori	a5,a5,64
    30c0:	00f50fa3          	sb	a5,31(a0)
    30c4:	00008067          	ret

000030c8 <crypto_eddsa_reduce>:
    30c8:	fb010113          	addi	sp,sp,-80
    30cc:	04812423          	sw	s0,72(sp)
    30d0:	01000613          	li	a2,16
    30d4:	00050413          	mv	s0,a0
    30d8:	00010513          	mv	a0,sp
    30dc:	04112623          	sw	ra,76(sp)
    30e0:	ffffd097          	auipc	ra,0xffffd
    30e4:	274080e7          	jalr	628(ra) # 354 <load32_le_buf>
    30e8:	00010593          	mv	a1,sp
    30ec:	00040513          	mv	a0,s0
    30f0:	00000097          	auipc	ra,0x0
    30f4:	cd8080e7          	jalr	-808(ra) # 2dc8 <mod_l>
    30f8:	00010513          	mv	a0,sp
    30fc:	04000593          	li	a1,64
    3100:	fffff097          	auipc	ra,0xfffff
    3104:	620080e7          	jalr	1568(ra) # 2720 <crypto_wipe>
    3108:	04c12083          	lw	ra,76(sp)
    310c:	04812403          	lw	s0,72(sp)
    3110:	05010113          	addi	sp,sp,80
    3114:	00008067          	ret

00003118 <crypto_eddsa_mul_add>:
    3118:	f6010113          	addi	sp,sp,-160
    311c:	08812c23          	sw	s0,152(sp)
    3120:	08912a23          	sw	s1,148(sp)
    3124:	00050413          	mv	s0,a0
    3128:	00060493          	mv	s1,a2
    312c:	01010513          	addi	a0,sp,16
    3130:	00800613          	li	a2,8
    3134:	08112e23          	sw	ra,156(sp)
    3138:	00d12623          	sw	a3,12(sp)
    313c:	ffffd097          	auipc	ra,0xffffd
    3140:	218080e7          	jalr	536(ra) # 354 <load32_le_buf>
    3144:	00800613          	li	a2,8
    3148:	00048593          	mv	a1,s1
    314c:	03010513          	addi	a0,sp,48
    3150:	ffffd097          	auipc	ra,0xffffd
    3154:	204080e7          	jalr	516(ra) # 354 <load32_le_buf>
    3158:	00c12583          	lw	a1,12(sp)
    315c:	00800613          	li	a2,8
    3160:	05010513          	addi	a0,sp,80
    3164:	ffffd097          	auipc	ra,0xffffd
    3168:	1f0080e7          	jalr	496(ra) # 354 <load32_le_buf>
    316c:	05010793          	addi	a5,sp,80
    3170:	07010713          	addi	a4,sp,112
    3174:	0207a023          	sw	zero,32(a5)
    3178:	00478793          	addi	a5,a5,4
    317c:	fee79ce3          	bne	a5,a4,3174 <crypto_eddsa_mul_add+0x5c>
    3180:	03010613          	addi	a2,sp,48
    3184:	01010593          	addi	a1,sp,16
    3188:	05010513          	addi	a0,sp,80
    318c:	fffff097          	auipc	ra,0xfffff
    3190:	f4c080e7          	jalr	-180(ra) # 20d8 <multiply>
    3194:	05010593          	addi	a1,sp,80
    3198:	00040513          	mv	a0,s0
    319c:	00000097          	auipc	ra,0x0
    31a0:	c2c080e7          	jalr	-980(ra) # 2dc8 <mod_l>
    31a4:	05010513          	addi	a0,sp,80
    31a8:	04000593          	li	a1,64
    31ac:	fffff097          	auipc	ra,0xfffff
    31b0:	574080e7          	jalr	1396(ra) # 2720 <crypto_wipe>
    31b4:	01010513          	addi	a0,sp,16
    31b8:	02000593          	li	a1,32
    31bc:	fffff097          	auipc	ra,0xfffff
    31c0:	564080e7          	jalr	1380(ra) # 2720 <crypto_wipe>
    31c4:	03010513          	addi	a0,sp,48
    31c8:	02000593          	li	a1,32
    31cc:	fffff097          	auipc	ra,0xfffff
    31d0:	554080e7          	jalr	1364(ra) # 2720 <crypto_wipe>
    31d4:	09c12083          	lw	ra,156(sp)
    31d8:	09812403          	lw	s0,152(sp)
    31dc:	09412483          	lw	s1,148(sp)
    31e0:	0a010113          	addi	sp,sp,160
    31e4:	00008067          	ret

000031e8 <ge_scalarmult_base>:
    31e8:	e5010113          	addi	sp,sp,-432
    31ec:	000046b7          	lui	a3,0x4
    31f0:	00004637          	lui	a2,0x4
    31f4:	4e068693          	addi	a3,a3,1248 # 44e0 <half_ones.3>
    31f8:	50060613          	addi	a2,a2,1280 # 4500 <half_mod_L.4>
    31fc:	19412c23          	sw	s4,408(sp)
    3200:	00050a13          	mv	s4,a0
    3204:	00810513          	addi	a0,sp,8
    3208:	1a112623          	sw	ra,428(sp)
    320c:	1a812423          	sw	s0,424(sp)
    3210:	1a912223          	sw	s1,420(sp)
    3214:	1b212023          	sw	s2,416(sp)
    3218:	19312e23          	sw	s3,412(sp)
    321c:	00000097          	auipc	ra,0x0
    3220:	efc080e7          	jalr	-260(ra) # 3118 <crypto_eddsa_mul_add>
    3224:	07810513          	addi	a0,sp,120
    3228:	ffffd097          	auipc	ra,0xffffd
    322c:	304080e7          	jalr	772(ra) # 52c <fe_1>
    3230:	0a010513          	addi	a0,sp,160
    3234:	ffffd097          	auipc	ra,0xffffd
    3238:	2f8080e7          	jalr	760(ra) # 52c <fe_1>
    323c:	0c810513          	addi	a0,sp,200
    3240:	ffffd097          	auipc	ra,0xffffd
    3244:	2d8080e7          	jalr	728(ra) # 518 <fe_0>
    3248:	000a0513          	mv	a0,s4
    324c:	fffff097          	auipc	ra,0xfffff
    3250:	fd8080e7          	jalr	-40(ra) # 2224 <ge_zero>
    3254:	00005937          	lui	s2,0x5
    3258:	90490713          	addi	a4,s2,-1788 # 4904 <b_comb_low>
    325c:	01f00813          	li	a6,31
    3260:	00810793          	addi	a5,sp,8
    3264:	05010693          	addi	a3,sp,80
    3268:	02810613          	addi	a2,sp,40
    326c:	07810593          	addi	a1,sp,120
    3270:	000a0513          	mv	a0,s4
    3274:	fffff097          	auipc	ra,0xfffff
    3278:	2d0080e7          	jalr	720(ra) # 2544 <lookup_add>
    327c:	000044b7          	lui	s1,0x4
    3280:	54448713          	addi	a4,s1,1348 # 4544 <b_comb_high>
    3284:	09f00813          	li	a6,159
    3288:	00810793          	addi	a5,sp,8
    328c:	05010693          	addi	a3,sp,80
    3290:	02810613          	addi	a2,sp,40
    3294:	07810593          	addi	a1,sp,120
    3298:	000a0513          	mv	a0,s4
    329c:	fffff097          	auipc	ra,0xfffff
    32a0:	2a8080e7          	jalr	680(ra) # 2544 <lookup_add>
    32a4:	01e00413          	li	s0,30
    32a8:	90490913          	addi	s2,s2,-1788
    32ac:	54448493          	addi	s1,s1,1348
    32b0:	fff00993          	li	s3,-1
    32b4:	0f010613          	addi	a2,sp,240
    32b8:	000a0593          	mv	a1,s4
    32bc:	000a0513          	mv	a0,s4
    32c0:	fffff097          	auipc	ra,0xfffff
    32c4:	12c080e7          	jalr	300(ra) # 23ec <ge_double>
    32c8:	00040813          	mv	a6,s0
    32cc:	00810793          	addi	a5,sp,8
    32d0:	00090713          	mv	a4,s2
    32d4:	05010693          	addi	a3,sp,80
    32d8:	02810613          	addi	a2,sp,40
    32dc:	07810593          	addi	a1,sp,120
    32e0:	000a0513          	mv	a0,s4
    32e4:	fffff097          	auipc	ra,0xfffff
    32e8:	260080e7          	jalr	608(ra) # 2544 <lookup_add>
    32ec:	08040813          	addi	a6,s0,128
    32f0:	00810793          	addi	a5,sp,8
    32f4:	00048713          	mv	a4,s1
    32f8:	05010693          	addi	a3,sp,80
    32fc:	02810613          	addi	a2,sp,40
    3300:	07810593          	addi	a1,sp,120
    3304:	000a0513          	mv	a0,s4
    3308:	fff40413          	addi	s0,s0,-1
    330c:	fffff097          	auipc	ra,0xfffff
    3310:	238080e7          	jalr	568(ra) # 2544 <lookup_add>
    3314:	fb3410e3          	bne	s0,s3,32b4 <ge_scalarmult_base+0xcc>
    3318:	02800593          	li	a1,40
    331c:	00b10533          	add	a0,sp,a1
    3320:	fffff097          	auipc	ra,0xfffff
    3324:	400080e7          	jalr	1024(ra) # 2720 <crypto_wipe>
    3328:	0f010513          	addi	a0,sp,240
    332c:	0a000593          	li	a1,160
    3330:	fffff097          	auipc	ra,0xfffff
    3334:	3f0080e7          	jalr	1008(ra) # 2720 <crypto_wipe>
    3338:	05010513          	addi	a0,sp,80
    333c:	02800593          	li	a1,40
    3340:	fffff097          	auipc	ra,0xfffff
    3344:	3e0080e7          	jalr	992(ra) # 2720 <crypto_wipe>
    3348:	07800593          	li	a1,120
    334c:	00b10533          	add	a0,sp,a1
    3350:	fffff097          	auipc	ra,0xfffff
    3354:	3d0080e7          	jalr	976(ra) # 2720 <crypto_wipe>
    3358:	00810513          	addi	a0,sp,8
    335c:	02000593          	li	a1,32
    3360:	fffff097          	auipc	ra,0xfffff
    3364:	3c0080e7          	jalr	960(ra) # 2720 <crypto_wipe>
    3368:	1ac12083          	lw	ra,428(sp)
    336c:	1a812403          	lw	s0,424(sp)
    3370:	1a412483          	lw	s1,420(sp)
    3374:	1a012903          	lw	s2,416(sp)
    3378:	19c12983          	lw	s3,412(sp)
    337c:	19812a03          	lw	s4,408(sp)
    3380:	1b010113          	addi	sp,sp,432
    3384:	00008067          	ret

00003388 <crypto_eddsa_scalarbase>:
    3388:	f5010113          	addi	sp,sp,-176
    338c:	0a812423          	sw	s0,168(sp)
    3390:	00050413          	mv	s0,a0
    3394:	00010513          	mv	a0,sp
    3398:	0a112623          	sw	ra,172(sp)
    339c:	00000097          	auipc	ra,0x0
    33a0:	e4c080e7          	jalr	-436(ra) # 31e8 <ge_scalarmult_base>
    33a4:	00010593          	mv	a1,sp
    33a8:	00040513          	mv	a0,s0
    33ac:	00000097          	auipc	ra,0x0
    33b0:	c1c080e7          	jalr	-996(ra) # 2fc8 <ge_tobytes>
    33b4:	00010513          	mv	a0,sp
    33b8:	0a000593          	li	a1,160
    33bc:	fffff097          	auipc	ra,0xfffff
    33c0:	364080e7          	jalr	868(ra) # 2720 <crypto_wipe>
    33c4:	0ac12083          	lw	ra,172(sp)
    33c8:	0a812403          	lw	s0,168(sp)
    33cc:	0b010113          	addi	sp,sp,176
    33d0:	00008067          	ret

000033d4 <load64_be_buf>:
    33d4:	00000693          	li	a3,0
    33d8:	00c69463          	bne	a3,a2,33e0 <load64_be_buf+0xc>
    33dc:	00008067          	ret
    33e0:	0005c783          	lbu	a5,0(a1)
    33e4:	0015c703          	lbu	a4,1(a1)
    33e8:	0025c883          	lbu	a7,2(a1)
    33ec:	01879793          	slli	a5,a5,0x18
    33f0:	01071713          	slli	a4,a4,0x10
    33f4:	00e7e7b3          	or	a5,a5,a4
    33f8:	00889893          	slli	a7,a7,0x8
    33fc:	0117e7b3          	or	a5,a5,a7
    3400:	0045c883          	lbu	a7,4(a1)
    3404:	0075c703          	lbu	a4,7(a1)
    3408:	0035c303          	lbu	t1,3(a1)
    340c:	01889893          	slli	a7,a7,0x18
    3410:	01176733          	or	a4,a4,a7
    3414:	0055c883          	lbu	a7,5(a1)
    3418:	00369813          	slli	a6,a3,0x3
    341c:	01050833          	add	a6,a0,a6
    3420:	01089893          	slli	a7,a7,0x10
    3424:	01176733          	or	a4,a4,a7
    3428:	0065c883          	lbu	a7,6(a1)
    342c:	0067e7b3          	or	a5,a5,t1
    3430:	00f82223          	sw	a5,4(a6)
    3434:	00889893          	slli	a7,a7,0x8
    3438:	01176733          	or	a4,a4,a7
    343c:	00e82023          	sw	a4,0(a6)
    3440:	00168693          	addi	a3,a3,1
    3444:	00858593          	addi	a1,a1,8
    3448:	f91ff06f          	j	33d8 <load64_be_buf+0x4>

0000344c <sha512_compress>:
    344c:	00052783          	lw	a5,0(a0)
    3450:	f8010113          	addi	sp,sp,-128
    3454:	06812e23          	sw	s0,124(sp)
    3458:	00f12223          	sw	a5,4(sp)
    345c:	00452783          	lw	a5,4(a0)
    3460:	06912c23          	sw	s1,120(sp)
    3464:	07212a23          	sw	s2,116(sp)
    3468:	02f12223          	sw	a5,36(sp)
    346c:	00852783          	lw	a5,8(a0)
    3470:	07312823          	sw	s3,112(sp)
    3474:	07412623          	sw	s4,108(sp)
    3478:	00f12423          	sw	a5,8(sp)
    347c:	00c52783          	lw	a5,12(a0)
    3480:	05a12a23          	sw	s10,84(sp)
    3484:	05b12823          	sw	s11,80(sp)
    3488:	02f12423          	sw	a5,40(sp)
    348c:	01052783          	lw	a5,16(a0)
    3490:	07512423          	sw	s5,104(sp)
    3494:	07612223          	sw	s6,100(sp)
    3498:	00f12623          	sw	a5,12(sp)
    349c:	01452783          	lw	a5,20(a0)
    34a0:	07712023          	sw	s7,96(sp)
    34a4:	05812e23          	sw	s8,92(sp)
    34a8:	02f12623          	sw	a5,44(sp)
    34ac:	01852783          	lw	a5,24(a0)
    34b0:	05912c23          	sw	s9,88(sp)
    34b4:	04050913          	addi	s2,a0,64
    34b8:	00f12823          	sw	a5,16(sp)
    34bc:	01c52783          	lw	a5,28(a0)
    34c0:	02f12823          	sw	a5,48(sp)
    34c4:	02052783          	lw	a5,32(a0)
    34c8:	00f12a23          	sw	a5,20(sp)
    34cc:	02452783          	lw	a5,36(a0)
    34d0:	02f12a23          	sw	a5,52(sp)
    34d4:	02852783          	lw	a5,40(a0)
    34d8:	03412683          	lw	a3,52(sp)
    34dc:	01012d83          	lw	s11,16(sp)
    34e0:	00f12c23          	sw	a5,24(sp)
    34e4:	02c52783          	lw	a5,44(a0)
    34e8:	01812f03          	lw	t5,24(sp)
    34ec:	03012983          	lw	s3,48(sp)
    34f0:	02f12c23          	sw	a5,56(sp)
    34f4:	03052783          	lw	a5,48(a0)
    34f8:	03812483          	lw	s1,56(sp)
    34fc:	00c12883          	lw	a7,12(sp)
    3500:	00f12e23          	sw	a5,28(sp)
    3504:	03452783          	lw	a5,52(a0)
    3508:	01c12e83          	lw	t4,28(sp)
    350c:	02c12f83          	lw	t6,44(sp)
    3510:	02f12e23          	sw	a5,60(sp)
    3514:	03852783          	lw	a5,56(a0)
    3518:	03c12403          	lw	s0,60(sp)
    351c:	00812303          	lw	t1,8(sp)
    3520:	02f12023          	sw	a5,32(sp)
    3524:	03c52783          	lw	a5,60(a0)
    3528:	02012383          	lw	t2,32(sp)
    352c:	02812283          	lw	t0,40(sp)
    3530:	04f12023          	sw	a5,64(sp)
    3534:	000057b7          	lui	a5,0x5
    3538:	d1078793          	addi	a5,a5,-752 # 4d10 <K>
    353c:	00f12023          	sw	a5,0(sp)
    3540:	0c050793          	addi	a5,a0,192
    3544:	04f12423          	sw	a5,72(sp)
    3548:	00012a03          	lw	s4,0(sp)
    354c:	04012d03          	lw	s10,64(sp)
    3550:	01412783          	lw	a5,20(sp)
    3554:	00412703          	lw	a4,4(sp)
    3558:	02412603          	lw	a2,36(sp)
    355c:	00e7d593          	srli	a1,a5,0xe
    3560:	01269813          	slli	a6,a3,0x12
    3564:	00b80833          	add	a6,a6,a1
    3568:	01279e13          	slli	t3,a5,0x12
    356c:	00e6d593          	srli	a1,a3,0xe
    3570:	00be0e33          	add	t3,t3,a1
    3574:	00e69a93          	slli	s5,a3,0xe
    3578:	0127d593          	srli	a1,a5,0x12
    357c:	00ba8ab3          	add	s5,s5,a1
    3580:	0126db13          	srli	s6,a3,0x12
    3584:	00e79593          	slli	a1,a5,0xe
    3588:	016585b3          	add	a1,a1,s6
    358c:	00be4e33          	xor	t3,t3,a1
    3590:	01584833          	xor	a6,a6,s5
    3594:	01779593          	slli	a1,a5,0x17
    3598:	0096da93          	srli	s5,a3,0x9
    359c:	00ba8ab3          	add	s5,s5,a1
    35a0:	01769b13          	slli	s6,a3,0x17
    35a4:	0097d593          	srli	a1,a5,0x9
    35a8:	016585b3          	add	a1,a1,s6
    35ac:	00be45b3          	xor	a1,t3,a1
    35b0:	000a2b03          	lw	s6,0(s4)
    35b4:	00092e03          	lw	t3,0(s2)
    35b8:	00492b83          	lw	s7,4(s2)
    35bc:	01584833          	xor	a6,a6,s5
    35c0:	004a2a83          	lw	s5,4(s4)
    35c4:	01cb0e33          	add	t3,s6,t3
    35c8:	016e3b33          	sltu	s6,t3,s6
    35cc:	017a8ab3          	add	s5,s5,s7
    35d0:	015b0ab3          	add	s5,s6,s5
    35d4:	01c80e33          	add	t3,a6,t3
    35d8:	015585b3          	add	a1,a1,s5
    35dc:	010e3833          	sltu	a6,t3,a6
    35e0:	fff7cb93          	not	s7,a5
    35e4:	00b80833          	add	a6,a6,a1
    35e8:	01dbfbb3          	and	s7,s7,t4
    35ec:	fff6cb13          	not	s6,a3
    35f0:	01e7f5b3          	and	a1,a5,t5
    35f4:	008b7b33          	and	s6,s6,s0
    35f8:	00bbc5b3          	xor	a1,s7,a1
    35fc:	0096fab3          	and	s5,a3,s1
    3600:	015b4ab3          	xor	s5,s6,s5
    3604:	00be05b3          	add	a1,t3,a1
    3608:	01c5be33          	sltu	t3,a1,t3
    360c:	01580833          	add	a6,a6,s5
    3610:	007583b3          	add	t2,a1,t2
    3614:	010e0833          	add	a6,t3,a6
    3618:	01a80833          	add	a6,a6,s10
    361c:	00b3b5b3          	sltu	a1,t2,a1
    3620:	010585b3          	add	a1,a1,a6
    3624:	00265e13          	srli	t3,a2,0x2
    3628:	01e71813          	slli	a6,a4,0x1e
    362c:	010e0e33          	add	t3,t3,a6
    3630:	00275a93          	srli	s5,a4,0x2
    3634:	01e61813          	slli	a6,a2,0x1e
    3638:	010a8ab3          	add	s5,s5,a6
    363c:	00461b13          	slli	s6,a2,0x4
    3640:	01c75813          	srli	a6,a4,0x1c
    3644:	010b0b33          	add	s6,s6,a6
    3648:	01c65b93          	srli	s7,a2,0x1c
    364c:	00471813          	slli	a6,a4,0x4
    3650:	01780833          	add	a6,a6,s7
    3654:	016e4e33          	xor	t3,t3,s6
    3658:	010acab3          	xor	s5,s5,a6
    365c:	00765b13          	srli	s6,a2,0x7
    3660:	01971813          	slli	a6,a4,0x19
    3664:	010b0b33          	add	s6,s6,a6
    3668:	01961b93          	slli	s7,a2,0x19
    366c:	00775813          	srli	a6,a4,0x7
    3670:	01780833          	add	a6,a6,s7
    3674:	01134c33          	xor	s8,t1,a7
    3678:	010acab3          	xor	s5,s5,a6
    367c:	00ec7c33          	and	s8,s8,a4
    3680:	01f2cbb3          	xor	s7,t0,t6
    3684:	01137833          	and	a6,t1,a7
    3688:	016e4e33          	xor	t3,t3,s6
    368c:	00cbfbb3          	and	s7,s7,a2
    3690:	010c4833          	xor	a6,s8,a6
    3694:	01f2fb33          	and	s6,t0,t6
    3698:	016bcb33          	xor	s6,s7,s6
    369c:	010e0833          	add	a6,t3,a6
    36a0:	016a8ab3          	add	s5,s5,s6
    36a4:	01c83e33          	sltu	t3,a6,t3
    36a8:	015e0e33          	add	t3,t3,s5
    36ac:	01b38cb3          	add	s9,t2,s11
    36b0:	013589b3          	add	s3,a1,s3
    36b4:	01038833          	add	a6,t2,a6
    36b8:	01c585b3          	add	a1,a1,t3
    36bc:	04812e03          	lw	t3,72(sp)
    36c0:	007cbb33          	sltu	s6,s9,t2
    36c4:	007833b3          	sltu	t2,a6,t2
    36c8:	013b0b33          	add	s6,s6,s3
    36cc:	00b385b3          	add	a1,t2,a1
    36d0:	05012223          	sw	a6,68(sp)
    36d4:	00890913          	addi	s2,s2,8
    36d8:	000c8a93          	mv	s5,s9
    36dc:	000b0b93          	mv	s7,s6
    36e0:	00058c13          	mv	s8,a1
    36e4:	008a0a13          	addi	s4,s4,8
    36e8:	00088d93          	mv	s11,a7
    36ec:	000f8993          	mv	s3,t6
    36f0:	000e8393          	mv	t2,t4
    36f4:	00040d13          	mv	s10,s0
    36f8:	492e1863          	bne	t3,s2,3b88 <sha512_compress+0x73c>
    36fc:	00000d93          	li	s11,0
    3700:	05112423          	sw	a7,72(sp)
    3704:	00012b03          	lw	s6,0(sp)
    3708:	00030893          	mv	a7,t1
    370c:	00070313          	mv	t1,a4
    3710:	04412703          	lw	a4,68(sp)
    3714:	000e8d13          	mv	s10,t4
    3718:	00040c93          	mv	s9,s0
    371c:	000f0e93          	mv	t4,t5
    3720:	00048413          	mv	s0,s1
    3724:	00078f13          	mv	t5,a5
    3728:	00068493          	mv	s1,a3
    372c:	05f12623          	sw	t6,76(sp)
    3730:	010d8d93          	addi	s11,s11,16
    3734:	00028f93          	mv	t6,t0
    3738:	04050393          	addi	t2,a0,64
    373c:	00060293          	mv	t0,a2
    3740:	000a8793          	mv	a5,s5
    3744:	000b8693          	mv	a3,s7
    3748:	000c0613          	mv	a2,s8
    374c:	ffe00a13          	li	s4,-2
    3750:	00fa7593          	andi	a1,s4,15
    3754:	00858593          	addi	a1,a1,8
    3758:	00359593          	slli	a1,a1,0x3
    375c:	00b505b3          	add	a1,a0,a1
    3760:	0005a803          	lw	a6,0(a1)
    3764:	0045a583          	lw	a1,4(a1)
    3768:	00838393          	addi	t2,t2,8
    376c:	01385e13          	srli	t3,a6,0x13
    3770:	00d59a93          	slli	s5,a1,0xd
    3774:	01ca8ab3          	add	s5,s5,t3
    3778:	00d81993          	slli	s3,a6,0xd
    377c:	0135de13          	srli	t3,a1,0x13
    3780:	01c989b3          	add	s3,s3,t3
    3784:	00381913          	slli	s2,a6,0x3
    3788:	01d5de13          	srli	t3,a1,0x1d
    378c:	00359b93          	slli	s7,a1,0x3
    3790:	012e0e33          	add	t3,t3,s2
    3794:	01d85913          	srli	s2,a6,0x1d
    3798:	01790933          	add	s2,s2,s7
    379c:	0129c933          	xor	s2,s3,s2
    37a0:	00685813          	srli	a6,a6,0x6
    37a4:	01a59993          	slli	s3,a1,0x1a
    37a8:	0065d593          	srli	a1,a1,0x6
    37ac:	01098833          	add	a6,s3,a6
    37b0:	01cace33          	xor	t3,s5,t3
    37b4:	00b945b3          	xor	a1,s2,a1
    37b8:	ffc3a903          	lw	s2,-4(t2)
    37bc:	010e4e33          	xor	t3,t3,a6
    37c0:	ff83a803          	lw	a6,-8(t2)
    37c4:	012585b3          	add	a1,a1,s2
    37c8:	ff3a0913          	addi	s2,s4,-13
    37cc:	010e0833          	add	a6,t3,a6
    37d0:	00f97913          	andi	s2,s2,15
    37d4:	01c83e33          	sltu	t3,a6,t3
    37d8:	00890913          	addi	s2,s2,8
    37dc:	00be0e33          	add	t3,t3,a1
    37e0:	00391913          	slli	s2,s2,0x3
    37e4:	ff03ac23          	sw	a6,-8(t2)
    37e8:	ffc3ae23          	sw	t3,-4(t2)
    37ec:	01250933          	add	s2,a0,s2
    37f0:	00492983          	lw	s3,4(s2)
    37f4:	00092583          	lw	a1,0(s2)
    37f8:	008b0b13          	addi	s6,s6,8
    37fc:	01f99c13          	slli	s8,s3,0x1f
    3800:	0015d913          	srli	s2,a1,0x1
    3804:	012c0c33          	add	s8,s8,s2
    3808:	01f59b93          	slli	s7,a1,0x1f
    380c:	0019d913          	srli	s2,s3,0x1
    3810:	012b8bb3          	add	s7,s7,s2
    3814:	01899a93          	slli	s5,s3,0x18
    3818:	0085d913          	srli	s2,a1,0x8
    381c:	012a8933          	add	s2,s5,s2
    3820:	05212223          	sw	s2,68(sp)
    3824:	01859a93          	slli	s5,a1,0x18
    3828:	0089d913          	srli	s2,s3,0x8
    382c:	012a8933          	add	s2,s5,s2
    3830:	04412a83          	lw	s5,68(sp)
    3834:	012bc933          	xor	s2,s7,s2
    3838:	0075d593          	srli	a1,a1,0x7
    383c:	01999b93          	slli	s7,s3,0x19
    3840:	015c4ab3          	xor	s5,s8,s5
    3844:	00bb85b3          	add	a1,s7,a1
    3848:	00bac5b3          	xor	a1,s5,a1
    384c:	0079d993          	srli	s3,s3,0x7
    3850:	01058833          	add	a6,a1,a6
    3854:	01394933          	xor	s2,s2,s3
    3858:	01c90933          	add	s2,s2,t3
    385c:	00b835b3          	sltu	a1,a6,a1
    3860:	012585b3          	add	a1,a1,s2
    3864:	ffba0913          	addi	s2,s4,-5
    3868:	00f97913          	andi	s2,s2,15
    386c:	00890913          	addi	s2,s2,8
    3870:	00391913          	slli	s2,s2,0x3
    3874:	ff03ac23          	sw	a6,-8(t2)
    3878:	feb3ae23          	sw	a1,-4(t2)
    387c:	01250933          	add	s2,a0,s2
    3880:	00092e03          	lw	t3,0(s2)
    3884:	00492903          	lw	s2,4(s2)
    3888:	00e6d993          	srli	s3,a3,0xe
    388c:	01c80e33          	add	t3,a6,t3
    3890:	012585b3          	add	a1,a1,s2
    3894:	010e3833          	sltu	a6,t3,a6
    3898:	00b80833          	add	a6,a6,a1
    389c:	01269913          	slli	s2,a3,0x12
    38a0:	00e7d593          	srli	a1,a5,0xe
    38a4:	00b90933          	add	s2,s2,a1
    38a8:	01279593          	slli	a1,a5,0x12
    38ac:	013585b3          	add	a1,a1,s3
    38b0:	00e69a93          	slli	s5,a3,0xe
    38b4:	0127d993          	srli	s3,a5,0x12
    38b8:	013a8ab3          	add	s5,s5,s3
    38bc:	0126db93          	srli	s7,a3,0x12
    38c0:	00e79993          	slli	s3,a5,0xe
    38c4:	017989b3          	add	s3,s3,s7
    38c8:	01594933          	xor	s2,s2,s5
    38cc:	0135c5b3          	xor	a1,a1,s3
    38d0:	0096da93          	srli	s5,a3,0x9
    38d4:	01779993          	slli	s3,a5,0x17
    38d8:	013a8ab3          	add	s5,s5,s3
    38dc:	01769b93          	slli	s7,a3,0x17
    38e0:	0097d993          	srli	s3,a5,0x9
    38e4:	017989b3          	add	s3,s3,s7
    38e8:	fff7cc13          	not	s8,a5
    38ec:	0135c5b3          	xor	a1,a1,s3
    38f0:	01dc7c33          	and	s8,s8,t4
    38f4:	fff6cb93          	not	s7,a3
    38f8:	01e7f9b3          	and	s3,a5,t5
    38fc:	01594933          	xor	s2,s2,s5
    3900:	008bfbb3          	and	s7,s7,s0
    3904:	013c49b3          	xor	s3,s8,s3
    3908:	0096fab3          	and	s5,a3,s1
    390c:	015bcab3          	xor	s5,s7,s5
    3910:	013909b3          	add	s3,s2,s3
    3914:	ffc3ac23          	sw	t3,-8(t2)
    3918:	ff03ae23          	sw	a6,-4(t2)
    391c:	0129b933          	sltu	s2,s3,s2
    3920:	015585b3          	add	a1,a1,s5
    3924:	00b905b3          	add	a1,s2,a1
    3928:	078b2903          	lw	s2,120(s6)
    392c:	07cb2a83          	lw	s5,124(s6)
    3930:	00461c13          	slli	s8,a2,0x4
    3934:	01298933          	add	s2,s3,s2
    3938:	015585b3          	add	a1,a1,s5
    393c:	013939b3          	sltu	s3,s2,s3
    3940:	01c90e33          	add	t3,s2,t3
    3944:	00b989b3          	add	s3,s3,a1
    3948:	012e3933          	sltu	s2,t3,s2
    394c:	010989b3          	add	s3,s3,a6
    3950:	013909b3          	add	s3,s2,s3
    3954:	01ae0833          	add	a6,t3,s10
    3958:	01c75593          	srli	a1,a4,0x1c
    395c:	019989b3          	add	s3,s3,s9
    3960:	01c83e33          	sltu	t3,a6,t3
    3964:	00bc0c33          	add	s8,s8,a1
    3968:	00471913          	slli	s2,a4,0x4
    396c:	01c65593          	srli	a1,a2,0x1c
    3970:	013e0e33          	add	t3,t3,s3
    3974:	00b90933          	add	s2,s2,a1
    3978:	00265993          	srli	s3,a2,0x2
    397c:	01e71593          	slli	a1,a4,0x1e
    3980:	00b989b3          	add	s3,s3,a1
    3984:	01e61a93          	slli	s5,a2,0x1e
    3988:	00275593          	srli	a1,a4,0x2
    398c:	015585b3          	add	a1,a1,s5
    3990:	013c4c33          	xor	s8,s8,s3
    3994:	00b94933          	xor	s2,s2,a1
    3998:	00765993          	srli	s3,a2,0x7
    399c:	01971593          	slli	a1,a4,0x19
    39a0:	00b989b3          	add	s3,s3,a1
    39a4:	01961a93          	slli	s5,a2,0x19
    39a8:	00775593          	srli	a1,a4,0x7
    39ac:	015585b3          	add	a1,a1,s5
    39b0:	01134bb3          	xor	s7,t1,a7
    39b4:	00b94933          	xor	s2,s2,a1
    39b8:	00ebfbb3          	and	s7,s7,a4
    39bc:	01f2cab3          	xor	s5,t0,t6
    39c0:	011375b3          	and	a1,t1,a7
    39c4:	013c4c33          	xor	s8,s8,s3
    39c8:	00cafab3          	and	s5,s5,a2
    39cc:	00bbc5b3          	xor	a1,s7,a1
    39d0:	01f2f9b3          	and	s3,t0,t6
    39d4:	013ac9b3          	xor	s3,s5,s3
    39d8:	00bc05b3          	add	a1,s8,a1
    39dc:	01390933          	add	s2,s2,s3
    39e0:	0185bc33          	sltu	s8,a1,s8
    39e4:	012c0c33          	add	s8,s8,s2
    39e8:	04812903          	lw	s2,72(sp)
    39ec:	04c12a83          	lw	s5,76(sp)
    39f0:	00b805b3          	add	a1,a6,a1
    39f4:	01280933          	add	s2,a6,s2
    39f8:	015e0ab3          	add	s5,t3,s5
    39fc:	010939b3          	sltu	s3,s2,a6
    3a00:	018e0e33          	add	t3,t3,s8
    3a04:	0105b833          	sltu	a6,a1,a6
    3a08:	015989b3          	add	s3,s3,s5
    3a0c:	01c80833          	add	a6,a6,t3
    3a10:	04b12223          	sw	a1,68(sp)
    3a14:	001a0a13          	addi	s4,s4,1
    3a18:	05112423          	sw	a7,72(sp)
    3a1c:	05f12623          	sw	t6,76(sp)
    3a20:	00e00e13          	li	t3,14
    3a24:	00090a93          	mv	s5,s2
    3a28:	00098b93          	mv	s7,s3
    3a2c:	00080c13          	mv	s8,a6
    3a30:	000e8d13          	mv	s10,t4
    3a34:	00040c93          	mv	s9,s0
    3a38:	19ca1263          	bne	s4,t3,3bbc <sha512_compress+0x770>
    3a3c:	00012e03          	lw	t3,0(sp)
    3a40:	080e0e13          	addi	t3,t3,128
    3a44:	01c12023          	sw	t3,0(sp)
    3a48:	04000e13          	li	t3,64
    3a4c:	cbcd9ae3          	bne	s11,t3,3700 <sha512_compress+0x2b4>
    3a50:	00412e03          	lw	t3,4(sp)
    3a54:	02412383          	lw	t2,36(sp)
    3a58:	00be05b3          	add	a1,t3,a1
    3a5c:	01c5be33          	sltu	t3,a1,t3
    3a60:	01038833          	add	a6,t2,a6
    3a64:	00b52023          	sw	a1,0(a0)
    3a68:	00812583          	lw	a1,8(sp)
    3a6c:	010e0e33          	add	t3,t3,a6
    3a70:	02812803          	lw	a6,40(sp)
    3a74:	00e58733          	add	a4,a1,a4
    3a78:	00b735b3          	sltu	a1,a4,a1
    3a7c:	00c80633          	add	a2,a6,a2
    3a80:	00e52423          	sw	a4,8(a0)
    3a84:	00c12703          	lw	a4,12(sp)
    3a88:	00c585b3          	add	a1,a1,a2
    3a8c:	02c12603          	lw	a2,44(sp)
    3a90:	00670333          	add	t1,a4,t1
    3a94:	00e33733          	sltu	a4,t1,a4
    3a98:	00560633          	add	a2,a2,t0
    3a9c:	00c70733          	add	a4,a4,a2
    3aa0:	00e52a23          	sw	a4,20(a0)
    3aa4:	01012703          	lw	a4,16(sp)
    3aa8:	03012603          	lw	a2,48(sp)
    3aac:	01c52223          	sw	t3,4(a0)
    3ab0:	011708b3          	add	a7,a4,a7
    3ab4:	01f60633          	add	a2,a2,t6
    3ab8:	00e8b733          	sltu	a4,a7,a4
    3abc:	00c70733          	add	a4,a4,a2
    3ac0:	00e52e23          	sw	a4,28(a0)
    3ac4:	01412703          	lw	a4,20(sp)
    3ac8:	03412603          	lw	a2,52(sp)
    3acc:	00b52623          	sw	a1,12(a0)
    3ad0:	01270933          	add	s2,a4,s2
    3ad4:	01360633          	add	a2,a2,s3
    3ad8:	00e93733          	sltu	a4,s2,a4
    3adc:	00c70733          	add	a4,a4,a2
    3ae0:	02e52223          	sw	a4,36(a0)
    3ae4:	01812703          	lw	a4,24(sp)
    3ae8:	03812603          	lw	a2,56(sp)
    3aec:	03252023          	sw	s2,32(a0)
    3af0:	00f707b3          	add	a5,a4,a5
    3af4:	00e7b733          	sltu	a4,a5,a4
    3af8:	00d606b3          	add	a3,a2,a3
    3afc:	00d70733          	add	a4,a4,a3
    3b00:	02f52423          	sw	a5,40(a0)
    3b04:	01c12783          	lw	a5,28(sp)
    3b08:	02e52623          	sw	a4,44(a0)
    3b0c:	03c12703          	lw	a4,60(sp)
    3b10:	01e78f33          	add	t5,a5,t5
    3b14:	00ff37b3          	sltu	a5,t5,a5
    3b18:	00970733          	add	a4,a4,s1
    3b1c:	00e787b3          	add	a5,a5,a4
    3b20:	02f52a23          	sw	a5,52(a0)
    3b24:	02012783          	lw	a5,32(sp)
    3b28:	04012703          	lw	a4,64(sp)
    3b2c:	00652823          	sw	t1,16(a0)
    3b30:	01d78eb3          	add	t4,a5,t4
    3b34:	00870733          	add	a4,a4,s0
    3b38:	00feb7b3          	sltu	a5,t4,a5
    3b3c:	00e787b3          	add	a5,a5,a4
    3b40:	01152c23          	sw	a7,24(a0)
    3b44:	03e52823          	sw	t5,48(a0)
    3b48:	03d52c23          	sw	t4,56(a0)
    3b4c:	02f52e23          	sw	a5,60(a0)
    3b50:	07c12403          	lw	s0,124(sp)
    3b54:	07812483          	lw	s1,120(sp)
    3b58:	07412903          	lw	s2,116(sp)
    3b5c:	07012983          	lw	s3,112(sp)
    3b60:	06c12a03          	lw	s4,108(sp)
    3b64:	06812a83          	lw	s5,104(sp)
    3b68:	06412b03          	lw	s6,100(sp)
    3b6c:	06012b83          	lw	s7,96(sp)
    3b70:	05c12c03          	lw	s8,92(sp)
    3b74:	05812c83          	lw	s9,88(sp)
    3b78:	05412d03          	lw	s10,84(sp)
    3b7c:	05012d83          	lw	s11,80(sp)
    3b80:	08010113          	addi	sp,sp,128
    3b84:	00008067          	ret
    3b88:	000f0e93          	mv	t4,t5
    3b8c:	00048413          	mv	s0,s1
    3b90:	00078f13          	mv	t5,a5
    3b94:	00068493          	mv	s1,a3
    3b98:	00030893          	mv	a7,t1
    3b9c:	00028f93          	mv	t6,t0
    3ba0:	00070313          	mv	t1,a4
    3ba4:	00060293          	mv	t0,a2
    3ba8:	000c8793          	mv	a5,s9
    3bac:	000b0693          	mv	a3,s6
    3bb0:	00080713          	mv	a4,a6
    3bb4:	00058613          	mv	a2,a1
    3bb8:	9a5ff06f          	j	355c <sha512_compress+0x110>
    3bbc:	000f0e93          	mv	t4,t5
    3bc0:	00048413          	mv	s0,s1
    3bc4:	00078f13          	mv	t5,a5
    3bc8:	00068493          	mv	s1,a3
    3bcc:	00030893          	mv	a7,t1
    3bd0:	00028f93          	mv	t6,t0
    3bd4:	00070313          	mv	t1,a4
    3bd8:	00060293          	mv	t0,a2
    3bdc:	00090793          	mv	a5,s2
    3be0:	00098693          	mv	a3,s3
    3be4:	00058713          	mv	a4,a1
    3be8:	00080613          	mv	a2,a6
    3bec:	b65ff06f          	j	3750 <sha512_compress+0x304>

00003bf0 <sha512_set_input>:
    3bf0:	0d052603          	lw	a2,208(a0)
    3bf4:	ff010113          	addi	sp,sp,-16
    3bf8:	00812423          	sw	s0,8(sp)
    3bfc:	ff867793          	andi	a5,a2,-8
    3c00:	fff64613          	not	a2,a2
    3c04:	00767613          	andi	a2,a2,7
    3c08:	00f50433          	add	s0,a0,a5
    3c0c:	00361613          	slli	a2,a2,0x3
    3c10:	00058513          	mv	a0,a1
    3c14:	00000593          	li	a1,0
    3c18:	00112623          	sw	ra,12(sp)
    3c1c:	00001097          	auipc	ra,0x1
    3c20:	88c080e7          	jalr	-1908(ra) # 44a8 <__ashldi3>
    3c24:	04042783          	lw	a5,64(s0)
    3c28:	00c12083          	lw	ra,12(sp)
    3c2c:	00a7e533          	or	a0,a5,a0
    3c30:	04442783          	lw	a5,68(s0)
    3c34:	04a42023          	sw	a0,64(s0)
    3c38:	00b7e7b3          	or	a5,a5,a1
    3c3c:	04f42223          	sw	a5,68(s0)
    3c40:	00812403          	lw	s0,8(sp)
    3c44:	01010113          	addi	sp,sp,16
    3c48:	00008067          	ret

00003c4c <crypto_sha512_update.part.0>:
    3c4c:	fd010113          	addi	sp,sp,-48
    3c50:	01312e23          	sw	s3,28(sp)
    3c54:	0d052983          	lw	s3,208(a0)
    3c58:	02812423          	sw	s0,40(sp)
    3c5c:	02912223          	sw	s1,36(sp)
    3c60:	03212023          	sw	s2,32(sp)
    3c64:	02112623          	sw	ra,44(sp)
    3c68:	01412c23          	sw	s4,24(sp)
    3c6c:	01512a23          	sw	s5,20(sp)
    3c70:	01612823          	sw	s6,16(sp)
    3c74:	01712623          	sw	s7,12(sp)
    3c78:	0079f793          	andi	a5,s3,7
    3c7c:	00050413          	mv	s0,a0
    3c80:	00058913          	mv	s2,a1
    3c84:	00060493          	mv	s1,a2
    3c88:	02078263          	beqz	a5,3cac <crypto_sha512_update.part.0+0x60>
    3c8c:	413009b3          	neg	s3,s3
    3c90:	0079f993          	andi	s3,s3,7
    3c94:	01367463          	bgeu	a2,s3,3c9c <crypto_sha512_update.part.0+0x50>
    3c98:	00060993          	mv	s3,a2
    3c9c:	00000a13          	li	s4,0
    3ca0:	0f499263          	bne	s3,s4,3d84 <crypto_sha512_update.part.0+0x138>
    3ca4:	01390933          	add	s2,s2,s3
    3ca8:	413484b3          	sub	s1,s1,s3
    3cac:	0d042983          	lw	s3,208(s0)
    3cb0:	07f9f793          	andi	a5,s3,127
    3cb4:	04078463          	beqz	a5,3cfc <crypto_sha512_update.part.0+0xb0>
    3cb8:	413007b3          	neg	a5,s3
    3cbc:	07f7f793          	andi	a5,a5,127
    3cc0:	0034da13          	srli	s4,s1,0x3
    3cc4:	00f4e463          	bltu	s1,a5,3ccc <crypto_sha512_update.part.0+0x80>
    3cc8:	0037da13          	srli	s4,a5,0x3
    3ccc:	ff89f793          	andi	a5,s3,-8
    3cd0:	04040513          	addi	a0,s0,64
    3cd4:	000a0613          	mv	a2,s4
    3cd8:	00090593          	mv	a1,s2
    3cdc:	00f50533          	add	a0,a0,a5
    3ce0:	fffff097          	auipc	ra,0xfffff
    3ce4:	6f4080e7          	jalr	1780(ra) # 33d4 <load64_be_buf>
    3ce8:	003a1613          	slli	a2,s4,0x3
    3cec:	00c989b3          	add	s3,s3,a2
    3cf0:	0d342823          	sw	s3,208(s0)
    3cf4:	00c90933          	add	s2,s2,a2
    3cf8:	40c484b3          	sub	s1,s1,a2
    3cfc:	08000793          	li	a5,128
    3d00:	0af98663          	beq	s3,a5,3dac <crypto_sha512_update.part.0+0x160>
    3d04:	f804f993          	andi	s3,s1,-128
    3d08:	013909b3          	add	s3,s2,s3
    3d0c:	04040a13          	addi	s4,s0,64
    3d10:	fff00a93          	li	s5,-1
    3d14:	bff00b13          	li	s6,-1025
    3d18:	0c040b93          	addi	s7,s0,192
    3d1c:	11391663          	bne	s2,s3,3e28 <crypto_sha512_update.part.0+0x1dc>
    3d20:	07f4f913          	andi	s2,s1,127
    3d24:	02090a63          	beqz	s2,3d58 <crypto_sha512_update.part.0+0x10c>
    3d28:	00395613          	srli	a2,s2,0x3
    3d2c:	00098593          	mv	a1,s3
    3d30:	04040513          	addi	a0,s0,64
    3d34:	fffff097          	auipc	ra,0xfffff
    3d38:	6a0080e7          	jalr	1696(ra) # 33d4 <load64_be_buf>
    3d3c:	0d042783          	lw	a5,208(s0)
    3d40:	0784f493          	andi	s1,s1,120
    3d44:	40990933          	sub	s2,s2,s1
    3d48:	00f487b3          	add	a5,s1,a5
    3d4c:	00000a13          	li	s4,0
    3d50:	0cf42823          	sw	a5,208(s0)
    3d54:	15491e63          	bne	s2,s4,3eb0 <crypto_sha512_update.part.0+0x264>
    3d58:	02c12083          	lw	ra,44(sp)
    3d5c:	02812403          	lw	s0,40(sp)
    3d60:	02412483          	lw	s1,36(sp)
    3d64:	02012903          	lw	s2,32(sp)
    3d68:	01c12983          	lw	s3,28(sp)
    3d6c:	01812a03          	lw	s4,24(sp)
    3d70:	01412a83          	lw	s5,20(sp)
    3d74:	01012b03          	lw	s6,16(sp)
    3d78:	00c12b83          	lw	s7,12(sp)
    3d7c:	03010113          	addi	sp,sp,48
    3d80:	00008067          	ret
    3d84:	014907b3          	add	a5,s2,s4
    3d88:	0007c583          	lbu	a1,0(a5)
    3d8c:	00040513          	mv	a0,s0
    3d90:	001a0a13          	addi	s4,s4,1
    3d94:	00000097          	auipc	ra,0x0
    3d98:	e5c080e7          	jalr	-420(ra) # 3bf0 <sha512_set_input>
    3d9c:	0d042783          	lw	a5,208(s0)
    3da0:	00178793          	addi	a5,a5,1
    3da4:	0cf42823          	sw	a5,208(s0)
    3da8:	ef9ff06f          	j	3ca0 <crypto_sha512_update.part.0+0x54>
    3dac:	0c842783          	lw	a5,200(s0)
    3db0:	0cc42683          	lw	a3,204(s0)
    3db4:	40078613          	addi	a2,a5,1024
    3db8:	00f63733          	sltu	a4,a2,a5
    3dbc:	00d70733          	add	a4,a4,a3
    3dc0:	0ce42623          	sw	a4,204(s0)
    3dc4:	0cc42423          	sw	a2,200(s0)
    3dc8:	fff00713          	li	a4,-1
    3dcc:	02e69463          	bne	a3,a4,3df4 <crypto_sha512_update.part.0+0x1a8>
    3dd0:	bff00713          	li	a4,-1025
    3dd4:	02f77063          	bgeu	a4,a5,3df4 <crypto_sha512_update.part.0+0x1a8>
    3dd8:	0c042783          	lw	a5,192(s0)
    3ddc:	0c442683          	lw	a3,196(s0)
    3de0:	00178713          	addi	a4,a5,1
    3de4:	00f737b3          	sltu	a5,a4,a5
    3de8:	00d787b3          	add	a5,a5,a3
    3dec:	0ce42023          	sw	a4,192(s0)
    3df0:	0cf42223          	sw	a5,196(s0)
    3df4:	00040513          	mv	a0,s0
    3df8:	fffff097          	auipc	ra,0xfffff
    3dfc:	654080e7          	jalr	1620(ra) # 344c <sha512_compress>
    3e00:	04040793          	addi	a5,s0,64
    3e04:	0c042823          	sw	zero,208(s0)
    3e08:	0c040713          	addi	a4,s0,192
    3e0c:	00000613          	li	a2,0
    3e10:	00000693          	li	a3,0
    3e14:	00c7a023          	sw	a2,0(a5)
    3e18:	00d7a223          	sw	a3,4(a5)
    3e1c:	00878793          	addi	a5,a5,8
    3e20:	fee796e3          	bne	a5,a4,3e0c <crypto_sha512_update.part.0+0x1c0>
    3e24:	ee1ff06f          	j	3d04 <crypto_sha512_update.part.0+0xb8>
    3e28:	01000613          	li	a2,16
    3e2c:	00090593          	mv	a1,s2
    3e30:	000a0513          	mv	a0,s4
    3e34:	fffff097          	auipc	ra,0xfffff
    3e38:	5a0080e7          	jalr	1440(ra) # 33d4 <load64_be_buf>
    3e3c:	0c842783          	lw	a5,200(s0)
    3e40:	0cc42683          	lw	a3,204(s0)
    3e44:	40078613          	addi	a2,a5,1024
    3e48:	00f63733          	sltu	a4,a2,a5
    3e4c:	00d70733          	add	a4,a4,a3
    3e50:	0cc42423          	sw	a2,200(s0)
    3e54:	0ce42623          	sw	a4,204(s0)
    3e58:	03569263          	bne	a3,s5,3e7c <crypto_sha512_update.part.0+0x230>
    3e5c:	02fb7063          	bgeu	s6,a5,3e7c <crypto_sha512_update.part.0+0x230>
    3e60:	0c042783          	lw	a5,192(s0)
    3e64:	0c442683          	lw	a3,196(s0)
    3e68:	00178713          	addi	a4,a5,1
    3e6c:	00f737b3          	sltu	a5,a4,a5
    3e70:	00d787b3          	add	a5,a5,a3
    3e74:	0ce42023          	sw	a4,192(s0)
    3e78:	0cf42223          	sw	a5,196(s0)
    3e7c:	00040513          	mv	a0,s0
    3e80:	fffff097          	auipc	ra,0xfffff
    3e84:	5cc080e7          	jalr	1484(ra) # 344c <sha512_compress>
    3e88:	000a0793          	mv	a5,s4
    3e8c:	0c042823          	sw	zero,208(s0)
    3e90:	00000693          	li	a3,0
    3e94:	00000713          	li	a4,0
    3e98:	00d7a023          	sw	a3,0(a5)
    3e9c:	00e7a223          	sw	a4,4(a5)
    3ea0:	00878793          	addi	a5,a5,8
    3ea4:	ff7796e3          	bne	a5,s7,3e90 <crypto_sha512_update.part.0+0x244>
    3ea8:	08090913          	addi	s2,s2,128
    3eac:	e71ff06f          	j	3d1c <crypto_sha512_update.part.0+0xd0>
    3eb0:	014487b3          	add	a5,s1,s4
    3eb4:	00f987b3          	add	a5,s3,a5
    3eb8:	0007c583          	lbu	a1,0(a5)
    3ebc:	00040513          	mv	a0,s0
    3ec0:	001a0a13          	addi	s4,s4,1
    3ec4:	00000097          	auipc	ra,0x0
    3ec8:	d2c080e7          	jalr	-724(ra) # 3bf0 <sha512_set_input>
    3ecc:	0d042783          	lw	a5,208(s0)
    3ed0:	00178793          	addi	a5,a5,1
    3ed4:	e7dff06f          	j	3d50 <crypto_sha512_update.part.0+0x104>

00003ed8 <crypto_sha512_init>:
    3ed8:	000057b7          	lui	a5,0x5
    3edc:	f907a703          	lw	a4,-112(a5) # 4f90 <K+0x280>
    3ee0:	f947a783          	lw	a5,-108(a5)
    3ee4:	00000813          	li	a6,0
    3ee8:	00e52023          	sw	a4,0(a0)
    3eec:	00f52223          	sw	a5,4(a0)
    3ef0:	000057b7          	lui	a5,0x5
    3ef4:	f987a703          	lw	a4,-104(a5) # 4f98 <K+0x288>
    3ef8:	f9c7a783          	lw	a5,-100(a5)
    3efc:	00e52423          	sw	a4,8(a0)
    3f00:	00f52623          	sw	a5,12(a0)
    3f04:	000057b7          	lui	a5,0x5
    3f08:	fa07a703          	lw	a4,-96(a5) # 4fa0 <K+0x290>
    3f0c:	fa47a783          	lw	a5,-92(a5)
    3f10:	00e52823          	sw	a4,16(a0)
    3f14:	00f52a23          	sw	a5,20(a0)
    3f18:	000057b7          	lui	a5,0x5
    3f1c:	fa87a703          	lw	a4,-88(a5) # 4fa8 <K+0x298>
    3f20:	fac7a783          	lw	a5,-84(a5)
    3f24:	00e52c23          	sw	a4,24(a0)
    3f28:	00f52e23          	sw	a5,28(a0)
    3f2c:	000057b7          	lui	a5,0x5
    3f30:	fb07a703          	lw	a4,-80(a5) # 4fb0 <K+0x2a0>
    3f34:	fb47a783          	lw	a5,-76(a5)
    3f38:	02e52023          	sw	a4,32(a0)
    3f3c:	02f52223          	sw	a5,36(a0)
    3f40:	000057b7          	lui	a5,0x5
    3f44:	fb87a703          	lw	a4,-72(a5) # 4fb8 <K+0x2a8>
    3f48:	fbc7a783          	lw	a5,-68(a5)
    3f4c:	02e52423          	sw	a4,40(a0)
    3f50:	02f52623          	sw	a5,44(a0)
    3f54:	000057b7          	lui	a5,0x5
    3f58:	fc07a703          	lw	a4,-64(a5) # 4fc0 <K+0x2b0>
    3f5c:	fc47a783          	lw	a5,-60(a5)
    3f60:	02e52823          	sw	a4,48(a0)
    3f64:	02f52a23          	sw	a5,52(a0)
    3f68:	000057b7          	lui	a5,0x5
    3f6c:	fc87a703          	lw	a4,-56(a5) # 4fc8 <K+0x2b8>
    3f70:	fcc7a783          	lw	a5,-52(a5)
    3f74:	02e52c23          	sw	a4,56(a0)
    3f78:	02f52e23          	sw	a5,60(a0)
    3f7c:	00000793          	li	a5,0
    3f80:	0cf52023          	sw	a5,192(a0)
    3f84:	0cf52423          	sw	a5,200(a0)
    3f88:	0d052223          	sw	a6,196(a0)
    3f8c:	0d052623          	sw	a6,204(a0)
    3f90:	0c052823          	sw	zero,208(a0)
    3f94:	04050793          	addi	a5,a0,64
    3f98:	0c050513          	addi	a0,a0,192
    3f9c:	00000693          	li	a3,0
    3fa0:	00000713          	li	a4,0
    3fa4:	00d7a023          	sw	a3,0(a5)
    3fa8:	00e7a223          	sw	a4,4(a5)
    3fac:	00878793          	addi	a5,a5,8
    3fb0:	fea796e3          	bne	a5,a0,3f9c <crypto_sha512_init+0xc4>
    3fb4:	00008067          	ret

00003fb8 <crypto_sha512_update>:
    3fb8:	00060663          	beqz	a2,3fc4 <crypto_sha512_update+0xc>
    3fbc:	00000317          	auipc	t1,0x0
    3fc0:	c9030067          	jr	-880(t1) # 3c4c <crypto_sha512_update.part.0>
    3fc4:	00008067          	ret

00003fc8 <crypto_sha512_final>:
    3fc8:	fe010113          	addi	sp,sp,-32
    3fcc:	00812c23          	sw	s0,24(sp)
    3fd0:	0d052403          	lw	s0,208(a0)
    3fd4:	00912a23          	sw	s1,20(sp)
    3fd8:	00112e23          	sw	ra,28(sp)
    3fdc:	00058493          	mv	s1,a1
    3fe0:	02041263          	bnez	s0,4004 <crypto_sha512_final+0x3c>
    3fe4:	04050793          	addi	a5,a0,64
    3fe8:	0c050713          	addi	a4,a0,192
    3fec:	00000613          	li	a2,0
    3ff0:	00000693          	li	a3,0
    3ff4:	00c7a023          	sw	a2,0(a5)
    3ff8:	00d7a223          	sw	a3,4(a5)
    3ffc:	00878793          	addi	a5,a5,8
    4000:	fee796e3          	bne	a5,a4,3fec <crypto_sha512_final+0x24>
    4004:	08000593          	li	a1,128
    4008:	00a12623          	sw	a0,12(sp)
    400c:	00000097          	auipc	ra,0x0
    4010:	be4080e7          	jalr	-1052(ra) # 3bf0 <sha512_set_input>
    4014:	00c12503          	lw	a0,12(sp)
    4018:	00341693          	slli	a3,s0,0x3
    401c:	0c852783          	lw	a5,200(a0)
    4020:	0cc52603          	lw	a2,204(a0)
    4024:	00f687b3          	add	a5,a3,a5
    4028:	00d7b733          	sltu	a4,a5,a3
    402c:	00c70733          	add	a4,a4,a2
    4030:	0cf52423          	sw	a5,200(a0)
    4034:	0ce52623          	sw	a4,204(a0)
    4038:	02071263          	bnez	a4,405c <crypto_sha512_final+0x94>
    403c:	02d7f063          	bgeu	a5,a3,405c <crypto_sha512_final+0x94>
    4040:	0c052783          	lw	a5,192(a0)
    4044:	0c452683          	lw	a3,196(a0)
    4048:	00178713          	addi	a4,a5,1
    404c:	00f737b3          	sltu	a5,a4,a5
    4050:	00d787b3          	add	a5,a5,a3
    4054:	0ce52023          	sw	a4,192(a0)
    4058:	0cf52223          	sw	a5,196(a0)
    405c:	06f00793          	li	a5,111
    4060:	0287fa63          	bgeu	a5,s0,4094 <crypto_sha512_final+0xcc>
    4064:	00a12623          	sw	a0,12(sp)
    4068:	fffff097          	auipc	ra,0xfffff
    406c:	3e4080e7          	jalr	996(ra) # 344c <sha512_compress>
    4070:	00c12503          	lw	a0,12(sp)
    4074:	04050793          	addi	a5,a0,64
    4078:	0b050713          	addi	a4,a0,176
    407c:	00000613          	li	a2,0
    4080:	00000693          	li	a3,0
    4084:	00c7a023          	sw	a2,0(a5)
    4088:	00d7a223          	sw	a3,4(a5)
    408c:	00878793          	addi	a5,a5,8
    4090:	fee796e3          	bne	a5,a4,407c <crypto_sha512_final+0xb4>
    4094:	0c052703          	lw	a4,192(a0)
    4098:	0c452783          	lw	a5,196(a0)
    409c:	00a12623          	sw	a0,12(sp)
    40a0:	0ae52823          	sw	a4,176(a0)
    40a4:	0af52a23          	sw	a5,180(a0)
    40a8:	0c852703          	lw	a4,200(a0)
    40ac:	0cc52783          	lw	a5,204(a0)
    40b0:	0ae52c23          	sw	a4,184(a0)
    40b4:	0af52e23          	sw	a5,188(a0)
    40b8:	fffff097          	auipc	ra,0xfffff
    40bc:	394080e7          	jalr	916(ra) # 344c <sha512_compress>
    40c0:	00c12503          	lw	a0,12(sp)
    40c4:	00048593          	mv	a1,s1
    40c8:	04048613          	addi	a2,s1,64
    40cc:	00050793          	mv	a5,a0
    40d0:	0047a683          	lw	a3,4(a5)
    40d4:	0007a703          	lw	a4,0(a5)
    40d8:	00858593          	addi	a1,a1,8
    40dc:	0186d813          	srli	a6,a3,0x18
    40e0:	ff058c23          	sb	a6,-8(a1)
    40e4:	0106d813          	srli	a6,a3,0x10
    40e8:	ff058ca3          	sb	a6,-7(a1)
    40ec:	fed58da3          	sb	a3,-5(a1)
    40f0:	0086d813          	srli	a6,a3,0x8
    40f4:	01875693          	srli	a3,a4,0x18
    40f8:	fed58e23          	sb	a3,-4(a1)
    40fc:	01075693          	srli	a3,a4,0x10
    4100:	fed58ea3          	sb	a3,-3(a1)
    4104:	00875693          	srli	a3,a4,0x8
    4108:	ff058d23          	sb	a6,-6(a1)
    410c:	fed58f23          	sb	a3,-2(a1)
    4110:	fee58fa3          	sb	a4,-1(a1)
    4114:	00878793          	addi	a5,a5,8
    4118:	fac59ce3          	bne	a1,a2,40d0 <crypto_sha512_final+0x108>
    411c:	01812403          	lw	s0,24(sp)
    4120:	01c12083          	lw	ra,28(sp)
    4124:	01412483          	lw	s1,20(sp)
    4128:	0d800593          	li	a1,216
    412c:	02010113          	addi	sp,sp,32
    4130:	ffffe317          	auipc	t1,0xffffe
    4134:	5f030067          	jr	1520(t1) # 2720 <crypto_wipe>

00004138 <hash_reduce.constprop.0>:
    4138:	eb010113          	addi	sp,sp,-336
    413c:	14812423          	sw	s0,328(sp)
    4140:	00050413          	mv	s0,a0
    4144:	06810513          	addi	a0,sp,104
    4148:	14112623          	sw	ra,332(sp)
    414c:	00d12a23          	sw	a3,20(sp)
    4150:	00e12823          	sw	a4,16(sp)
    4154:	00f12623          	sw	a5,12(sp)
    4158:	01012423          	sw	a6,8(sp)
    415c:	01112223          	sw	a7,4(sp)
    4160:	00b12e23          	sw	a1,28(sp)
    4164:	00c12c23          	sw	a2,24(sp)
    4168:	00000097          	auipc	ra,0x0
    416c:	d70080e7          	jalr	-656(ra) # 3ed8 <crypto_sha512_init>
    4170:	01812603          	lw	a2,24(sp)
    4174:	01c12583          	lw	a1,28(sp)
    4178:	06810513          	addi	a0,sp,104
    417c:	00000097          	auipc	ra,0x0
    4180:	e3c080e7          	jalr	-452(ra) # 3fb8 <crypto_sha512_update>
    4184:	01412583          	lw	a1,20(sp)
    4188:	06810513          	addi	a0,sp,104
    418c:	02000613          	li	a2,32
    4190:	00000097          	auipc	ra,0x0
    4194:	abc080e7          	jalr	-1348(ra) # 3c4c <crypto_sha512_update.part.0>
    4198:	00c12603          	lw	a2,12(sp)
    419c:	01012583          	lw	a1,16(sp)
    41a0:	06810513          	addi	a0,sp,104
    41a4:	00000097          	auipc	ra,0x0
    41a8:	e14080e7          	jalr	-492(ra) # 3fb8 <crypto_sha512_update>
    41ac:	00412603          	lw	a2,4(sp)
    41b0:	00812583          	lw	a1,8(sp)
    41b4:	06810513          	addi	a0,sp,104
    41b8:	00000097          	auipc	ra,0x0
    41bc:	e00080e7          	jalr	-512(ra) # 3fb8 <crypto_sha512_update>
    41c0:	02810593          	addi	a1,sp,40
    41c4:	06810513          	addi	a0,sp,104
    41c8:	00000097          	auipc	ra,0x0
    41cc:	e00080e7          	jalr	-512(ra) # 3fc8 <crypto_sha512_final>
    41d0:	02810593          	addi	a1,sp,40
    41d4:	00040513          	mv	a0,s0
    41d8:	fffff097          	auipc	ra,0xfffff
    41dc:	ef0080e7          	jalr	-272(ra) # 30c8 <crypto_eddsa_reduce>
    41e0:	14c12083          	lw	ra,332(sp)
    41e4:	14812403          	lw	s0,328(sp)
    41e8:	15010113          	addi	sp,sp,336
    41ec:	00008067          	ret

000041f0 <crypto_sha512>:
    41f0:	f0010113          	addi	sp,sp,-256
    41f4:	0e812c23          	sw	s0,248(sp)
    41f8:	00050413          	mv	s0,a0
    41fc:	01810513          	addi	a0,sp,24
    4200:	0e112e23          	sw	ra,252(sp)
    4204:	00b12623          	sw	a1,12(sp)
    4208:	00c12423          	sw	a2,8(sp)
    420c:	00000097          	auipc	ra,0x0
    4210:	ccc080e7          	jalr	-820(ra) # 3ed8 <crypto_sha512_init>
    4214:	00812603          	lw	a2,8(sp)
    4218:	00c12583          	lw	a1,12(sp)
    421c:	01810513          	addi	a0,sp,24
    4220:	00000097          	auipc	ra,0x0
    4224:	d98080e7          	jalr	-616(ra) # 3fb8 <crypto_sha512_update>
    4228:	00040593          	mv	a1,s0
    422c:	01810513          	addi	a0,sp,24
    4230:	00000097          	auipc	ra,0x0
    4234:	d98080e7          	jalr	-616(ra) # 3fc8 <crypto_sha512_final>
    4238:	0fc12083          	lw	ra,252(sp)
    423c:	0f812403          	lw	s0,248(sp)
    4240:	10010113          	addi	sp,sp,256
    4244:	00008067          	ret

00004248 <ed25519_dom_sign>:
    4248:	f4010113          	addi	sp,sp,-192
    424c:	0b212823          	sw	s2,176(sp)
    4250:	0b312623          	sw	s3,172(sp)
    4254:	00050913          	mv	s2,a0
    4258:	00060993          	mv	s3,a2
    425c:	06010513          	addi	a0,sp,96
    4260:	02000613          	li	a2,32
    4264:	0a112e23          	sw	ra,188(sp)
    4268:	0a812c23          	sw	s0,184(sp)
    426c:	0a912a23          	sw	s1,180(sp)
    4270:	00058413          	mv	s0,a1
    4274:	0b412423          	sw	s4,168(sp)
    4278:	0b512223          	sw	s5,164(sp)
    427c:	00068a13          	mv	s4,a3
    4280:	00070a93          	mv	s5,a4
    4284:	0b612023          	sw	s6,160(sp)
    4288:	00078b13          	mv	s6,a5
    428c:	00000097          	auipc	ra,0x0
    4290:	f64080e7          	jalr	-156(ra) # 41f0 <crypto_sha512>
    4294:	06010593          	addi	a1,sp,96
    4298:	00058513          	mv	a0,a1
    429c:	fffff097          	auipc	ra,0xfffff
    42a0:	dec080e7          	jalr	-532(ra) # 3088 <crypto_eddsa_trim_scalar>
    42a4:	00000893          	li	a7,0
    42a8:	00000813          	li	a6,0
    42ac:	000b0793          	mv	a5,s6
    42b0:	000a8713          	mv	a4,s5
    42b4:	08010693          	addi	a3,sp,128
    42b8:	000a0613          	mv	a2,s4
    42bc:	00098593          	mv	a1,s3
    42c0:	00010513          	mv	a0,sp
    42c4:	00000097          	auipc	ra,0x0
    42c8:	e74080e7          	jalr	-396(ra) # 4138 <hash_reduce.constprop.0>
    42cc:	04010493          	addi	s1,sp,64
    42d0:	00010593          	mv	a1,sp
    42d4:	00048513          	mv	a0,s1
    42d8:	fffff097          	auipc	ra,0xfffff
    42dc:	0b0080e7          	jalr	176(ra) # 3388 <crypto_eddsa_scalarbase>
    42e0:	02000793          	li	a5,32
    42e4:	00f40733          	add	a4,s0,a5
    42e8:	00f10533          	add	a0,sp,a5
    42ec:	000b0893          	mv	a7,s6
    42f0:	000a8813          	mv	a6,s5
    42f4:	00048693          	mv	a3,s1
    42f8:	000a0613          	mv	a2,s4
    42fc:	00098593          	mv	a1,s3
    4300:	00000097          	auipc	ra,0x0
    4304:	e38080e7          	jalr	-456(ra) # 4138 <hash_reduce.constprop.0>
    4308:	00000413          	li	s0,0
    430c:	02000793          	li	a5,32
    4310:	008486b3          	add	a3,s1,s0
    4314:	0006c683          	lbu	a3,0(a3)
    4318:	00890733          	add	a4,s2,s0
    431c:	00140413          	addi	s0,s0,1
    4320:	00d70023          	sb	a3,0(a4)
    4324:	fef416e3          	bne	s0,a5,4310 <ed25519_dom_sign+0xc8>
    4328:	00010693          	mv	a3,sp
    432c:	06010613          	addi	a2,sp,96
    4330:	02010593          	addi	a1,sp,32
    4334:	02090513          	addi	a0,s2,32
    4338:	fffff097          	auipc	ra,0xfffff
    433c:	de0080e7          	jalr	-544(ra) # 3118 <crypto_eddsa_mul_add>
    4340:	06010513          	addi	a0,sp,96
    4344:	04000593          	li	a1,64
    4348:	ffffe097          	auipc	ra,0xffffe
    434c:	3d8080e7          	jalr	984(ra) # 2720 <crypto_wipe>
    4350:	00040593          	mv	a1,s0
    4354:	00010513          	mv	a0,sp
    4358:	ffffe097          	auipc	ra,0xffffe
    435c:	3c8080e7          	jalr	968(ra) # 2720 <crypto_wipe>
    4360:	0bc12083          	lw	ra,188(sp)
    4364:	0b812403          	lw	s0,184(sp)
    4368:	0b412483          	lw	s1,180(sp)
    436c:	0b012903          	lw	s2,176(sp)
    4370:	0ac12983          	lw	s3,172(sp)
    4374:	0a812a03          	lw	s4,168(sp)
    4378:	0a412a83          	lw	s5,164(sp)
    437c:	0a012b03          	lw	s6,160(sp)
    4380:	0c010113          	addi	sp,sp,192
    4384:	00008067          	ret

00004388 <crypto_ed25519_key_pair>:
    4388:	fa010113          	addi	sp,sp,-96
    438c:	04812c23          	sw	s0,88(sp)
    4390:	04912a23          	sw	s1,84(sp)
    4394:	05212823          	sw	s2,80(sp)
    4398:	04112e23          	sw	ra,92(sp)
    439c:	00058913          	mv	s2,a1
    43a0:	00050493          	mv	s1,a0
    43a4:	00000593          	li	a1,0
    43a8:	01010413          	addi	s0,sp,16
    43ac:	02000793          	li	a5,32
    43b0:	00b606b3          	add	a3,a2,a1
    43b4:	0006c683          	lbu	a3,0(a3)
    43b8:	00b40733          	add	a4,s0,a1
    43bc:	00158593          	addi	a1,a1,1
    43c0:	00d70023          	sb	a3,0(a4)
    43c4:	fef596e3          	bne	a1,a5,43b0 <crypto_ed25519_key_pair+0x28>
    43c8:	00060513          	mv	a0,a2
    43cc:	00b12623          	sw	a1,12(sp)
    43d0:	ffffe097          	auipc	ra,0xffffe
    43d4:	350080e7          	jalr	848(ra) # 2720 <crypto_wipe>
    43d8:	00c12583          	lw	a1,12(sp)
    43dc:	00000613          	li	a2,0
    43e0:	00c40733          	add	a4,s0,a2
    43e4:	00074703          	lbu	a4,0(a4)
    43e8:	00c487b3          	add	a5,s1,a2
    43ec:	00160613          	addi	a2,a2,1
    43f0:	00e78023          	sb	a4,0(a5)
    43f4:	feb616e3          	bne	a2,a1,43e0 <crypto_ed25519_key_pair+0x58>
    43f8:	00040593          	mv	a1,s0
    43fc:	00040513          	mv	a0,s0
    4400:	00c12623          	sw	a2,12(sp)
    4404:	00000097          	auipc	ra,0x0
    4408:	dec080e7          	jalr	-532(ra) # 41f0 <crypto_sha512>
    440c:	00040593          	mv	a1,s0
    4410:	00040513          	mv	a0,s0
    4414:	fffff097          	auipc	ra,0xfffff
    4418:	c74080e7          	jalr	-908(ra) # 3088 <crypto_eddsa_trim_scalar>
    441c:	00040593          	mv	a1,s0
    4420:	00090513          	mv	a0,s2
    4424:	fffff097          	auipc	ra,0xfffff
    4428:	f64080e7          	jalr	-156(ra) # 3388 <crypto_eddsa_scalarbase>
    442c:	00c12603          	lw	a2,12(sp)
    4430:	00000793          	li	a5,0
    4434:	00f90733          	add	a4,s2,a5
    4438:	00074683          	lbu	a3,0(a4)
    443c:	00f48733          	add	a4,s1,a5
    4440:	00178793          	addi	a5,a5,1
    4444:	02d70023          	sb	a3,32(a4)
    4448:	fec796e3          	bne	a5,a2,4434 <crypto_ed25519_key_pair+0xac>
    444c:	00040513          	mv	a0,s0
    4450:	04000593          	li	a1,64
    4454:	ffffe097          	auipc	ra,0xffffe
    4458:	2cc080e7          	jalr	716(ra) # 2720 <crypto_wipe>
    445c:	05c12083          	lw	ra,92(sp)
    4460:	05812403          	lw	s0,88(sp)
    4464:	05412483          	lw	s1,84(sp)
    4468:	05012903          	lw	s2,80(sp)
    446c:	06010113          	addi	sp,sp,96
    4470:	00008067          	ret

00004474 <crypto_ed25519_sign>:
    4474:	00060713          	mv	a4,a2
    4478:	00068793          	mv	a5,a3
    447c:	00000613          	li	a2,0
    4480:	00000693          	li	a3,0
    4484:	00000317          	auipc	t1,0x0
    4488:	dc430067          	jr	-572(t1) # 4248 <ed25519_dom_sign>

0000448c <memset>:
    448c:	00c50633          	add	a2,a0,a2
    4490:	00050793          	mv	a5,a0
    4494:	00c79463          	bne	a5,a2,449c <memset+0x10>
    4498:	00008067          	ret
    449c:	00178793          	addi	a5,a5,1
    44a0:	feb78fa3          	sb	a1,-1(a5)
    44a4:	ff1ff06f          	j	4494 <memset+0x8>

000044a8 <__ashldi3>:
    44a8:	01f00793          	li	a5,31
    44ac:	00c7da63          	bge	a5,a2,44c0 <__ashldi3+0x18>
    44b0:	fe060613          	addi	a2,a2,-32
    44b4:	00c515b3          	sll	a1,a0,a2
    44b8:	00000513          	li	a0,0
    44bc:	00008067          	ret
    44c0:	00060e63          	beqz	a2,44dc <__ashldi3+0x34>
    44c4:	02000793          	li	a5,32
    44c8:	40c787b3          	sub	a5,a5,a2
    44cc:	00f557b3          	srl	a5,a0,a5
    44d0:	00c595b3          	sll	a1,a1,a2
    44d4:	00b7e5b3          	or	a1,a5,a1
    44d8:	00c51533          	sll	a0,a0,a2
    44dc:	00008067          	ret

000044e0 <half_ones.3>:
    44e0:	46cc4a8e 6b7618ba 39bee7b8 6377adfa     .J.F..vk...9..wc
    44f0:	ffffffff ffffffff ffffffff 07ffffff     ................

00004500 <half_mod_L.4>:
    4500:	2e7ae9f7 2c09318d 517bce6b 0a6f7cef     ..z..1.,k.{Q.|o.
	...
    451c:	08000000                                ....

00004520 <r.6>:
    4520:	0a2c131b ed9ce5a3 086329a7 2106215d     ..,......)c.]!.!
    4530:	ffffffeb ffffffff ffffffff ffffffff     ................
    4540:	0000000f                                ....

00004544 <b_comb_high>:
    4544:	01f8648f ffbc6063 fff809c5 006588d5     .d..c`........e.
    4554:	000e8473 ffa061a0 ffb14b14 006abe9d     s....a...K....j.
    4564:	ffada43e ff9569f5 003d3fee 006a4f37     >....i...?=.7Oj.
    4574:	ff493b70 003c6cc2 007a19c5 004e483e     p;I..l<...z.>HN.
    4584:	ffdf1ec4 ffe303ae fe1869c3 ff093468     .........i..h4..
    4594:	00f8498d ff736bec 016b0c9a 000b295e     .I...ks...k.^)..
    45a4:	fe76324b ffc9e2e4 006a4478 ffb7409a     K2v.....xDj..@..
    45b4:	00a77d51 00995cc5 0026a68f ffbe9049     Q}...\....&.I...
    45c4:	fe8aa6c8 ff42fbb3 ff32c4bd 00dde5c8     ......B...2.....
    45d4:	00c47a0d 00d3ff9f 00e5ea74 00832568     .z......t...h%..
    45e4:	01324c1d ff4ea33b 00304ccf ff37ce86     .L2.;.N..L0...7.
    45f4:	00c93e00 ff4fe7f0 ff5bf233 ff324551     .>....O.3.[.QE2.
    4604:	01c37d4a 0021872f ffef754e 00b4898d     J}../.!.Nu......
    4614:	005c09b5 00d69484 00e10b0c ff837d26     ..\.........&}..
    4624:	fec3cfa0 00b32d54 01dea602 00c8d2f0     ....T-..........
    4634:	001f496c ff9d770b 00e9c87f 00507710     lI...w.......wP.
    4644:	0184db94 0001e6ae feea7ae4 ff93b459     .........z..Y...
    4654:	ff99e4db ff212608 0097a514 002100c9     .....&!.......!.
    4664:	ffa20906 ffe5e370 00414a94 ffd8597d     ....p....JA.}Y..
    4674:	fea31880 ff929e0c fe8cdba0 00b33c05     .............<..
    4684:	fea5c048 ff2648fc 005b06ad 008f2d9d     H....H&...[..-..
    4694:	0137f22d 005953f0 01af1237 ffeaea4d     -.7..SY.7...M...
    46a4:	ff5aa372 00d1513a ff7e5e56 00f9f92a     r.Z.:Q..V^~.*...
    46b4:	0091b454 ffb423fd ffbb75dd ffc4753d     T....#...u..=u..
    46c4:	005e5570 ff3c3121 01964ff1 009e9f10     pU^.!1<..O......
    46d4:	01a10218 ff0e1759 0075bbb4 00850486     ....Y.....u.....
    46e4:	ff7361e2 ff20b5f8 01ba3bea ffa981c2     .as... ..;......
    46f4:	0040822c 0003b1e4 ff355d39 ff862128     ,.@.....9]5.(!..
    4704:	ff93a990 0085bc34 fe5fcaaa 002f408f     ....4....._..@/.
    4714:	01c4db53 ff7483cd 003b9c95 00abe5da     S.....t...;.....
    4724:	00b5dbcd 00ef5ab8 fef10b75 ff54d66c     .....Z..u...l.T.
    4734:	fe5ba2d9 004a0dad fe616fc5 0067df3f     ..[...J..oa.?.g.
    4744:	0068db8d ffef95df fe45748e 00d56243     ..h......tE.Cb..
    4754:	fe624e7c ffd6989e 01ace25f ff3592e5     |Nb....._.....5.
    4764:	005deb76 00e67a92 0035ff27 ff8d5944     v.]..z..'.5.DY..
    4774:	00d73276 00ab6a79 fe05f02b 008d996a     v2..yj..+...j...
    4784:	01d93d08 004225f2 ffe41ba0 00460d67     .=...%B.....g.F.
    4794:	00d50689 00c32000 00166ace ff009927     ..... ...j..'...
    47a4:	01fdd358 00d4c028 007b7b8e ff7a0e10     X...(....{{...z.
    47b4:	ff55a277 0015f092 0157a6d0 ffd56206     w.U.......W..b..
    47c4:	01de6781 ffb6a548 fe7d893c 003c764f     .g..H...<.}.Ov<.
    47d4:	00bf5e7e ff70929d fe5d8463 00798892     ~^....p.c.]...y.
    47e4:	fe946293 00548da7 fe775c4b ff974009     .b....T.K\w..@..
    47f4:	016be818 002e60a3 ff746c26 005be6a0     ..k..`..&lt...[.
    4804:	fe5d942b 00a197b9 018232db ffe7d1da     +.]......2......
    4814:	fea1ca30 004d0a74 01db2649 fffd1894     0...t.M.I&......
    4824:	fed5ce51 fff6717a fef52e1f ff040c4b     Q...zq......K...
    4834:	fee05a0f ff39dccc ff6c3866 00e0069a     .Z....9.f8l.....
    4844:	01d13410 0075c38b ff5ac073 0092f321     .4....u.s.Z.!...
    4854:	01ce3275 ff5f4d58 fe57d22e ff2d3ba7     u2..XM_...W..;-.
    4864:	0058ecfb 00f59f53 fe8a23b1 00b88c9b     ..X.S....#......
    4874:	007120d4 00aeab2f 01ac1fcf ffe4a03d     . q./.......=...
    4884:	ff2981eb 00428490 0191a8ef 0023bebc     ..)...B.......#.
    4894:	feb204cf ffe73932 ffa37f34 002026d2     ....29..4....& .
    48a4:	fe49b155 0089e2b0 fed4a5d1 ff38cb2b     U.I.........+.8.
    48b4:	fe3adb50 00e24756 ffb9dd93 00d8fb39     P.:.VG......9...
    48c4:	fe35e2c7 002d197d 00b88a94 ff2f0d2c     ..5.}.-.....,./.
    48d4:	ffa5573b 006b8991 ffcf2447 00dbedd4     ;W....k.G$......
    48e4:	ff48012c ff057ccb ff762079 ff91c2b8     ,.H..|..y v.....
    48f4:	008d44b0 001559c4 01cfd490 ffa94266     .D...Y......fB..

00004904 <b_comb_low>:
    4904:	ff97fca7 ffdc8941 fea7c54b 0001e5cc     ....A...K.......
    4914:	0112e502 007fc4e9 0131147c 001e35e0     ........|.1..5..
    4924:	fee4f35b 008aa083 009d4311 00062730     [........C..0'..
    4934:	00e27055 0092ffaa 008123ce ff80835b     Up.......#..[...
    4944:	ff25b677 00dfd42f 019153b6 002b0200     w.%./....S....+.
    4954:	fea59a44 ffcf03e8 ff2cf384 ffd3538c     D.........,..S..
    4964:	ff06e13f ff2a2098 00c5766e 0002b6f1     ?.... *.nv......
    4974:	00b9a18b ffdb693b ff44966a ff94da0e     ....;i..j.D.....
    4984:	00975f9d ffd13dda fe1577f5 002cacae     ._...=...w....,.
    4994:	0155ae74 ff1d5e79 002980e7 00fa46c5     t.U.y^....)..F..
    49a4:	ff91929f ffb7d450 0028fc02 ff9c6f81     ....P.....(..o..
    49b4:	fe8e15ee ff0cc58d ffa0cec7 00d6e327     ............'...
    49c4:	009950b5 00ba965d fe2eac9c ff3b41bf     .P..]........A;.
    49d4:	ff55b153 003601cd ff507c80 00fba43c     S.U...6..|P.<...
    49e4:	fe5fa2f2 ff1aa6fe ff910659 ff0cdc09     .._.....Y.......
    49f4:	010d54ee 0008e299 fff2df04 fffd229f     .T..........."..
    4a04:	ff47c83c ff5cfc01 fec97283 00ed64d0     <.G...\..r...d..
    4a14:	fe25e073 ffb36a4b ffa01e90 ffdd8486     s.%.Kj..........
    4a24:	ffb8ad39 ffb9d33f ffc19a68 00bdc0e8     9...?...h.......
    4a34:	fe22bb21 00102d9b 005f762f 009fec56     !."..-../v_.V...
    4a44:	ff2c584e 001eeb3c feb16614 ffd62a9b     NX,.<....f...*..
    4a54:	ffdb46f8 ff856554 00703c7e 00f012fc     .F..Te..~<p.....
    4a64:	fe9b406a 0072466b 0069081f 000a9b64     j@..kFr...i.d...
    4a74:	0161f4eb 009328aa fe01e3aa 00ad4288     ..a..(.......B..
    4a84:	feccc532 00617a59 ff81e85f ff7e6c72     2...Yza._...rl~.
    4a94:	ff8a42b2 ff3065a9 ff2fc6e2 00e12e26     .B...e0.../.&...
    4aa4:	fed78341 ff1b9dec 009e12ec ff573e2a     A...........*>W.
    4ab4:	feb14b65 00b85dab ff54499f ff0cb6f6     eK...]...IT.....
    4ac4:	00994d40 00529ee5 017b0a43 007b65a7     @M....R.C.{..e{.
    4ad4:	ff99d8aa 009695b3 00f1bd84 ff086ded     .............m..
    4ae4:	009315e7 00b4388b fe91ab9e ff71c98a     .....8........q.
    4af4:	003bb4e9 ff699841 000f331d ff7ad29d     ..;.A.i..3....z.
    4b04:	ff77e76e ff28e4a6 006e9be3 00dcc5d4     n.w...(...n.....
    4b14:	0180f55c ff79cc65 00dae863 007d8016     \...e.y.c.....}.
    4b24:	00617acb ff926ccd 0062b27a ff7aee71     .za..l..z.b.q.z.
    4b34:	00ecb61b 00eb94f7 007008f2 ff6502b2     ..........p...e.
    4b44:	0112bd2e ff91224f 00215bff 004a88a0     ....O"...[!...J.
    4b54:	00a53347 006ce225 ff2742b2 0050d580     G3..%.l..B'...P.
    4b64:	ffa68c52 ffa45f3a 01acb55b 0040a345     R...:_..[...E.@.
    4b74:	ff27464a 001de2ec feff6515 003a8cdb     JF'......e....:.
    4b84:	ffabe802 ff36f032 fe3c8509 00bc4909     ....2.6...<..I..
    4b94:	00e9da3e ff0cafd6 ff79857f 00a9015c     >.........y.\...
    4ba4:	fed4ce0e ffc660e5 00b2f4a0 00928854     .....`......T...
    4bb4:	ffb93b83 ffaf0f59 ff888ed9 00299454     .;..Y.......T.).
    4bc4:	01dca05f ff004291 ff9116f8 00e1d39c     _....B..........
    4bd4:	fe47e550 0049dcbc ff4829b6 ff751f70     P.G...I..)H.p.u.
    4be4:	ffe9f1a8 0005d3d1 fe2753ba ff03df83     .........S'.....
    4bf4:	0013b12c 00c34a97 019fc163 ff6283ee     ,....J..c.....b.
    4c04:	00e1b5a2 ff227560 0050e736 ff7a8b58     ....`u".6.P.X.z.
    4c14:	ffcc0f3a ffc0ae7b fe631423 00a40691     :...{...#.c.....
    4c24:	01863417 ffa05260 ff15bb33 00f4b838     .4..`R..3...8...
    4c34:	00117db4 00007dc6 01666272 009243cd     .}...}..rbf..C..
    4c44:	01791d4b ffea5be7 012eced9 00044e0c     K.y..[.......N..
    4c54:	fef3b3d5 00a7e873 fe17a753 ffd68e7d     ....s...S...}...
    4c64:	005d2812 ffe5e461 febf6984 00dac98d     .(].a....i......
    4c74:	007a7d71 007cfc7e fee5a335 ff43c587     q}z.~.|.5.....C.
    4c84:	01801df6 ffa59bbf 00ebb081 00723124     ............$1r.
    4c94:	fe2f8407 0098ba14 ff285253 ffc04db5     ../.....SR(..M..
    4ca4:	009c59b9 ff200a09 01fffc9f ff2a2df9     .Y.... ......-*.
    4cb4:	016489ee 00e61c53 ff866338 0074ef71     ..d.S...8c..q.t.

00004cc4 <L>:
    4cc4:	5cf5d3ed 5812631a a2f79cd6 14def9de     ...\.c.X........
	...
    4ce0:	10000000                                ....

00004ce4 <sqrtm1>:
    4ce4:	fe0ea0b0 ff86c9d3 008f189e 0035697f     .............i5.
    4cf4:	00bd0c60 fffbd7a7 fe804c9f ffe1656a     `........L..je..
    4d04:	0004fc1e 00ae0c92 00000000              ............

00004d10 <K>:
    4d10:	d728ae22 428a2f98 23ef65cd 71374491     ".(../.B.e.#.D7q
    4d20:	ec4d3b2f b5c0fbcf 8189dbbc e9b5dba5     /;M.............
    4d30:	f348b538 3956c25b b605d019 59f111f1     8.H.[.V9.......Y
    4d40:	af194f9b 923f82a4 da6d8118 ab1c5ed5     .O....?...m..^..
    4d50:	a3030242 d807aa98 45706fbe 12835b01     B........opE.[..
    4d60:	4ee4b28c 243185be d5ffb4e2 550c7dc3     ...N..1$.....}.U
    4d70:	f27b896f 72be5d74 3b1696b1 80deb1fe     o.{.t].r...;....
    4d80:	25c71235 9bdc06a7 cf692694 c19bf174     5..%.....&i.t...
    4d90:	9ef14ad2 e49b69c1 384f25e3 efbe4786     .J...i...%O8.G..
    4da0:	8b8cd5b5 0fc19dc6 77ac9c65 240ca1cc     ........e..w...$
    4db0:	592b0275 2de92c6f 6ea6e483 4a7484aa     u.+Yo,.-...n..tJ
    4dc0:	bd41fbd4 5cb0a9dc 831153b5 76f988da     ..A....\.S.....v
    4dd0:	ee66dfab 983e5152 2db43210 a831c66d     ..f.RQ>..2.-m.1.
    4de0:	98fb213f b00327c8 beef0ee4 bf597fc7     ?!...'........Y.
    4df0:	3da88fc2 c6e00bf3 930aa725 d5a79147     ...=....%...G...
    4e00:	e003826f 06ca6351 0a0e6e70 14292967     o...Qc..pn..g)).
    4e10:	46d22ffc 27b70a85 5c26c926 2e1b2138     ./.F...'&.&\8!..
    4e20:	5ac42aed 4d2c6dfc 9d95b3df 53380d13     .*.Z.m,M......8S
    4e30:	8baf63de 650a7354 3c77b2a8 766a0abb     .c..Ts.e..w<..jv
    4e40:	47edaee6 81c2c92e 1482353b 92722c85     ...G....;5...,r.
    4e50:	4cf10364 a2bfe8a1 bc423001 a81a664b     d..L.....0B.Kf..
    4e60:	d0f89791 c24b8b70 0654be30 c76c51a3     ....p.K.0.T..Ql.
    4e70:	d6ef5218 d192e819 5565a910 d6990624     .R........eU$...
    4e80:	5771202a f40e3585 32bbd1b8 106aa070     * qW.5.....2p.j.
    4e90:	b8d2d0c8 19a4c116 5141ab53 1e376c08     ........S.AQ.l7.
    4ea0:	df8eeb99 2748774c e19b48a8 34b0bcb5     ....LwH'.H.....4
    4eb0:	c5c95a63 391c0cb3 e3418acb 4ed8aa4a     cZ.....9..A.J..N
    4ec0:	7763e373 5b9cca4f d6b2b8a3 682e6ff3     s.cwO..[.....o.h
    4ed0:	5defb2fc 748f82ee 43172f60 78a5636f     ...]...t`/.Coc.x
    4ee0:	a1f0ab72 84c87814 1a6439ec 8cc70208     r....x...9d.....
    4ef0:	23631e28 90befffa de82bde9 a4506ceb     (.c#.........lP.
    4f00:	b2c67915 bef9a3f7 e372532b c67178f2     .y......+Sr..xq.
    4f10:	ea26619c ca273ece 21c0c207 d186b8c7     .a&..>'....!....
    4f20:	cde0eb1e eada7dd6 ee6ed178 f57d4f7f     .....}..x.n..O}.
    4f30:	72176fba 06f067aa a2c898a6 0a637dc5     .o.r.g.......}c.
    4f40:	bef90dae 113f9804 131c471b 1b710b35     ......?..G..5.q.
    4f50:	23047d84 28db77f5 40c72493 32caab7b     .}.#.w.(.$.@{..2
    4f60:	15c9bebc 3c9ebe0a 9c100d4c 431d67c4     .......<L....g.C
    4f70:	cb3e42b6 4cc5d4be fc657e2a 597f299c     .B>....L*~e..).Y
    4f80:	3ad6faec 5fcb6fab 4a475817 6c44198c     ...:.o._.XGJ..Dl
